timestep,temperature,atmospheric_pressure,humidity,wind_speed,cloudiness,precipitation,current_luminosity,speed_diff,time_diff,Local Connecting Road,Local High Importance Road,Other Major Road,Secondary Road,magnitude_of_delay,length_in_meters,delay_in_seconds,road_name
2019-04-01 00:00:00,13.0,1011.0,71.0,1.0,0.0,0.0,1.0,0.0,0.0,0.0,0.0,1.0,0.0,0.0,0.0,0.0,N14 Bosch
2019-04-01 01:00:00,12.0,1010.0,82.0,1.0,0.0,0.0,1.0,0.0,0.0,0.0,0.0,1.0,0.0,0.0,0.0,0.0,N14 Bosch
2019-04-01 02:00:00,12.0,1011.0,71.0,2.0,0.0,0.0,1.0,0.0,0.0,0.0,0.0,1.0,0.0,0.0,0.0,0.0,N14 Bosch
2019-04-01 03:00:00,12.0,1011.0,76.0,3.0,0.0,0.0,1.0,0.0,0.0,0.0,0.0,1.0,0.0,0.0,0.0,0.0,N14 Bosch
2019-04-01 04:00:00,11.0,1011.0,82.0,1.0,0.0,0.0,1.0,0.0,0.0,0.0,0.0,1.0,0.0,0.0,0.0,0.0,N14 Bosch
2019-04-01 05:00:00,11.0,1011.0,87.0,1.0,0.0,0.0,1.0,0.0,0.0,0.0,0.0,1.0,0.0,0.0,0.0,0.0,N14 Bosch
2019-04-01 06:00:00,10.0,1012.0,81.0,2.0,0.0,0.0,3.0,0.0,0.0,0.0,0.0,1.0,0.0,3.0,664.0,185.0,N14 Bosch
2019-04-01 07:00:00,12.0,1012.0,67.0,3.0,0.0,0.0,3.0,11.666666666666668,31.0,0.0,0.0,1.0,0.0,2.5,578.3,183.3,N14 Bosch
2019-04-01 08:00:00,15.0,1013.0,59.0,3.0,0.0,0.0,3.0,0.0,0.0,0.0,0.0,1.0,0.0,3.0,551.0,296.8,N14 Bosch
2019-04-01 09:00:00,16.0,1013.0,52.0,3.0,0.0,0.0,3.0,11.0,27.333333333333332,0.0,0.0,1.0,0.0,3.0,199.0,126.0,N14 Bosch
2019-04-01 10:00:00,17.0,1014.0,59.0,4.0,0.0,0.0,3.0,19.333333333333332,59.333333333333336,0.0,0.0,1.0,0.0,0.0,0.0,0.0,N14 Bosch
2019-04-01 11:00:00,18.0,1014.0,72.0,5.0,0.0,0.0,3.0,21.333333333333332,89.33333333333333,0.0,0.0,1.0,0.0,2.6666666666666665,492.0,139.33333333333334,N14 Bosch
2019-04-01 12:00:00,18.0,1014.0,72.0,6.0,20.0,0.0,3.0,17.666666666666668,49.333333333333336,0.0,0.0,1.0,0.0,3.0,571.0,146.0,N14 Bosch
2019-04-01 13:00:00,16.0,1013.0,82.0,4.0,40.0,0.0,3.0,25.0,132.33333333333334,0.0,0.0,1.0,0.0,3.0,571.5,182.0,N14 Bosch
2019-04-01 14:00:00,15.0,1014.0,77.0,5.0,20.0,0.0,3.0,16.5,44.0,0.0,0.0,1.0,0.0,2.5,698.0,168.5,N14 Bosch
2019-04-01 15:00:00,16.0,1014.0,82.0,3.0,40.0,0.0,3.0,0.0,0.0,0.0,0.0,1.0,0.0,0.0,0.0,0.0,N14 Bosch
2019-04-01 16:00:00,13.0,1014.0,87.0,1.0,40.0,0.0,3.0,0.0,0.0,0.0,0.0,1.0,0.0,0.0,0.0,0.0,N14 Bosch
2019-04-01 17:00:00,13.0,1015.0,87.0,2.0,20.0,0.0,3.0,0.0,0.0,0.0,0.0,1.0,0.0,0.0,0.0,0.0,N14 Bosch
2019-04-01 18:00:00,13.0,1015.0,67.0,2.0,20.0,0.0,2.0,0.0,0.0,0.0,0.0,1.0,0.0,0.0,0.0,0.0,N14 Bosch
2019-04-01 19:00:00,12.0,1015.0,76.0,1.0,0.0,0.0,1.0,0.0,0.0,0.0,0.0,1.0,0.0,0.0,0.0,0.0,N14 Bosch
2019-04-01 20:00:00,11.0,1015.0,82.0,0.0,0.0,0.0,1.0,0.0,0.0,0.0,0.0,1.0,0.0,0.0,0.0,0.0,N14 Bosch
2019-04-01 21:00:00,11.0,1016.0,87.0,2.0,0.0,0.0,1.0,0.0,0.0,0.0,0.0,1.0,0.0,0.0,0.0,0.0,N14 Bosch
2019-04-01 22:00:00,11.0,1016.0,87.0,2.0,0.0,0.0,1.0,0.0,0.0,0.0,0.0,1.0,0.0,0.0,0.0,0.0,N14 Bosch
2019-04-01 23:00:00,11.0,1017.0,87.0,0.0,0.0,0.0,1.0,0.0,0.0,0.0,0.0,1.0,0.0,0.0,0.0,0.0,N14 Bosch
2019-04-02 00:00:00,11.0,1017.0,87.0,0.0,0.0,0.0,1.0,0.0,0.0,0.0,0.0,1.0,0.0,0.0,0.0,0.0,N14 Bosch
2019-04-02 01:00:00,10.0,1016.0,87.0,0.0,0.0,0.0,1.0,0.0,0.0,0.0,0.0,1.0,0.0,0.0,0.0,0.0,N14 Bosch
2019-04-02 02:00:00,9.0,1016.0,100.0,0.0,0.0,0.0,1.0,0.0,0.0,0.0,0.0,1.0,0.0,0.0,0.0,0.0,N14 Bosch
2019-04-02 03:00:00,9.0,1016.0,93.0,1.0,0.0,0.0,1.0,0.0,0.0,0.0,0.0,1.0,0.0,0.0,0.0,0.0,N14 Bosch
2019-04-02 04:00:00,10.0,1016.0,100.0,0.0,20.0,0.0,1.0,0.0,0.0,0.0,0.0,1.0,0.0,0.0,0.0,0.0,N14 Bosch
2019-04-02 05:00:00,9.0,1016.0,100.0,0.0,20.0,0.0,1.0,0.0,0.0,0.0,0.0,1.0,0.0,0.0,0.0,0.0,N14 Bosch
2019-04-02 06:00:00,9.0,1017.0,100.0,1.0,75.0,0.0,3.0,0.0,0.0,0.0,0.0,1.0,0.0,0.0,0.0,0.0,N14 Bosch
2019-04-02 07:00:00,10.0,1017.0,100.0,1.0,75.0,0.0,3.0,10.666666666666666,28.666666666666668,0.0,0.0,1.0,0.0,2.6666666666666665,689.7777777777778,217.55555555555554,N14 Bosch
2019-04-02 08:00:00,11.0,1018.0,93.0,2.0,75.0,0.0,3.0,7.333333333333334,16.0,0.0,0.0,1.0,0.0,2.7142857142857144,450.42857142857144,180.14285714285714,N14 Bosch
2019-04-02 09:00:00,12.0,1018.0,87.0,1.0,75.0,0.0,3.0,12.0,26.666666666666668,0.0,0.0,1.0,0.0,2.0,301.0,161.0,N14 Bosch
2019-04-02 10:00:00,13.0,1018.0,82.0,1.0,40.0,0.0,3.0,9.5,20.5,0.0,0.0,1.0,0.0,2.0,271.5,147.5,N14 Bosch
2019-04-02 11:00:00,16.0,1018.0,77.0,2.0,20.0,0.0,3.0,17.333333333333332,48.0,0.0,0.0,1.0,0.0,0.0,0.0,0.0,N14 Bosch
2019-04-02 12:00:00,15.0,1017.0,82.0,3.0,0.0,0.0,3.0,16.0,48.666666666666664,0.0,0.0,1.0,0.0,0.0,0.0,0.0,N14 Bosch
2019-04-02 13:00:00,17.0,1017.0,67.0,4.0,0.0,0.0,3.0,25.0,139.0,0.0,0.0,1.0,0.0,2.75,600.25,180.75,N14 Bosch
2019-04-02 14:00:00,18.0,1017.0,72.0,6.0,0.0,0.0,3.0,21.333333333333332,66.66666666666667,0.0,0.0,1.0,0.0,2.0,571.0,130.0,N14 Bosch
2019-04-02 15:00:00,17.0,1016.0,67.0,7.0,0.0,0.0,3.0,23.666666666666668,77.33333333333333,0.0,0.0,1.0,0.0,3.0,673.0,182.0,N14 Bosch
2019-04-02 16:00:00,16.0,1016.0,72.0,8.0,0.0,0.0,3.0,29.333333333333325,154.33333333333334,0.0,0.0,1.0,0.0,2.933333333333333,535.6,317.1333333333333,N14 Bosch
2019-04-02 17:00:00,15.0,1016.0,71.0,8.0,0.0,0.0,3.0,32.0,169.0,0.0,0.0,1.0,0.0,2.869565217391304,498.6521739130435,272.17391304347825,N14 Bosch
2019-04-02 18:00:00,13.0,1016.0,71.0,5.0,0.0,0.0,2.0,0.0,0.0,0.0,0.0,1.0,0.0,0.0,0.0,0.0,N14 Bosch
2019-04-02 19:00:00,12.0,1016.0,76.0,8.0,0.0,0.0,1.0,0.0,0.0,0.0,0.0,1.0,0.0,0.0,0.0,0.0,N14 Bosch
2019-04-02 20:00:00,11.0,1017.0,76.0,6.0,0.0,0.0,1.0,0.0,0.0,0.0,0.0,1.0,0.0,0.0,0.0,0.0,N14 Bosch
2019-04-02 21:00:00,10.0,1017.0,81.0,5.0,0.0,0.0,1.0,0.0,0.0,0.0,0.0,1.0,0.0,0.0,0.0,0.0,N14 Bosch
2019-04-02 22:00:00,10.0,1017.0,81.0,5.0,0.0,0.0,1.0,0.0,0.0,0.0,0.0,1.0,0.0,0.0,0.0,0.0,N14 Bosch
2019-04-02 23:00:00,9.0,1016.0,76.0,5.0,0.0,0.0,1.0,0.0,0.0,0.0,0.0,1.0,0.0,0.0,0.0,0.0,N14 Bosch
2019-04-11 00:00:00,9.0,1021.0,93.0,0.0,20.0,0.0,1.0,0.0,0.0,0.0,0.0,1.0,0.0,0.0,0.0,0.0,N14 Bosch
2019-04-11 01:00:00,8.0,1021.0,93.0,1.0,20.0,0.0,1.0,0.0,0.0,0.0,0.0,1.0,0.0,0.0,0.0,0.0,N14 Bosch
2019-04-11 02:00:00,7.0,1021.0,100.0,1.0,20.0,0.0,1.0,0.0,0.0,0.0,0.0,1.0,0.0,0.0,0.0,0.0,N14 Bosch
2019-04-11 03:00:00,7.0,1021.0,100.0,0.0,20.0,0.0,1.0,0.0,0.0,0.0,0.0,1.0,0.0,0.0,0.0,0.0,N14 Bosch
2019-04-11 04:00:00,6.0,1021.0,100.0,0.0,20.0,0.0,1.0,0.0,0.0,0.0,0.0,1.0,0.0,0.0,0.0,0.0,N14 Bosch
2019-04-11 05:00:00,6.0,1021.0,100.0,0.0,20.0,0.0,1.0,0.0,0.0,0.0,0.0,1.0,0.0,0.0,0.0,0.0,N14 Bosch
2019-04-11 06:00:00,5.0,1021.0,100.0,0.0,0.0,0.0,2.0,5.0,12.666666666666666,0.0,0.0,1.0,0.0,0.0,0.0,0.0,N14 Bosch
2019-04-11 07:00:00,6.0,1022.0,100.0,0.0,0.0,0.0,3.0,10.0,21.333333333333332,0.0,0.0,1.0,0.0,3.0,314.5,244.5,N14 Bosch
2019-04-11 08:00:00,9.0,1022.0,93.0,2.0,0.0,0.0,3.0,14.0,37.0,0.0,0.0,1.0,0.0,3.0,326.5,201.5,N14 Bosch
2019-04-11 09:00:00,10.0,1022.0,82.0,0.0,20.0,0.0,3.0,8.0,18.666666666666668,0.0,0.0,1.0,0.0,2.0,388.0,151.0,N14 Bosch
2019-04-11 10:00:00,12.0,1022.0,72.0,1.0,20.0,0.0,3.0,12.333333333333334,28.0,0.0,0.0,1.0,0.0,2.5,312.0,170.5,N14 Bosch
2019-04-11 11:00:00,14.0,1022.0,72.0,3.0,40.0,0.0,3.0,18.333333333333332,81.0,0.0,0.0,1.0,0.0,2.0,763.0,174.0,N14 Bosch
2019-04-11 12:00:00,16.0,1022.0,72.0,3.0,20.0,0.0,3.0,17.0,46.333333333333336,0.0,0.0,1.0,0.0,0.0,0.0,0.0,N14 Bosch
2019-04-11 13:00:00,15.0,1021.0,71.0,3.0,40.0,0.0,3.0,17.666666666666668,77.33333333333333,0.0,0.0,1.0,0.0,2.0,848.0,164.0,N14 Bosch
2019-04-11 14:00:00,16.0,1021.0,76.0,3.0,20.0,0.0,3.0,23.0,78.66666666666667,0.0,0.0,1.0,0.0,2.0,713.0,138.0,N14 Bosch
2019-04-11 15:00:00,15.0,1021.0,71.0,5.0,20.0,0.0,3.0,17.333333333333332,48.0,0.0,0.0,1.0,0.0,0.0,0.0,0.0,N14 Bosch
2019-04-11 16:00:00,15.0,1021.0,71.0,5.0,20.0,0.0,3.0,24.0,101.0,0.0,0.0,1.0,0.0,2.466666666666667,510.6666666666667,187.33333333333334,N14 Bosch
2019-04-11 17:00:00,14.0,1021.0,76.0,6.0,20.0,0.0,3.0,22.333333333333325,74.6666666666667,0.0,0.0,1.0,0.0,2.782608695652174,489.2173913043478,203.52173913043478,N14 Bosch
2019-04-11 18:00:00,13.0,1021.0,82.0,5.0,20.0,0.0,3.0,14.666666666666668,36.333333333333336,0.0,0.0,1.0,0.0,2.625,423.875,174.375,N14 Bosch
2019-04-11 19:00:00,12.0,1020.0,82.0,5.0,0.0,0.0,1.0,0.0,0.0,0.0,0.0,1.0,0.0,0.0,0.0,0.0,N14 Bosch
2019-04-11 20:00:00,12.0,1021.0,87.0,2.0,0.0,0.0,1.0,0.0,0.0,0.0,0.0,1.0,0.0,0.0,0.0,0.0,N14 Bosch
2019-04-11 21:00:00,10.0,1021.0,81.0,1.0,0.0,0.0,1.0,0.0,0.0,0.0,0.0,1.0,0.0,0.0,0.0,0.0,N14 Bosch
2019-04-11 22:00:00,10.0,1021.0,87.0,2.0,0.0,0.0,1.0,0.0,0.0,0.0,0.0,1.0,0.0,0.0,0.0,0.0,N14 Bosch
2019-04-11 23:00:00,9.0,1021.0,93.0,0.0,0.0,0.0,1.0,0.0,0.0,0.0,0.0,1.0,0.0,0.0,0.0,0.0,N14 Bosch
2019-04-12 00:00:00,8.0,1021.0,93.0,0.0,0.0,0.0,1.0,0.0,0.0,0.0,0.0,1.0,0.0,0.0,0.0,0.0,N14 Bosch
2019-04-12 01:00:00,8.0,1021.0,93.0,0.0,0.0,0.0,1.0,0.0,0.0,0.0,0.0,1.0,0.0,0.0,0.0,0.0,N14 Bosch
2019-04-12 02:00:00,7.0,1020.0,100.0,0.0,8.0,0.0,1.0,0.0,0.0,0.0,0.0,1.0,0.0,0.0,0.0,0.0,N14 Bosch
2019-04-12 03:00:00,7.0,1020.0,100.0,3.0,0.0,0.0,1.0,0.0,0.0,0.0,0.0,1.0,0.0,0.0,0.0,0.0,N14 Bosch
2019-04-12 04:00:00,6.0,1020.0,100.0,0.0,0.0,0.0,1.0,0.0,0.0,0.0,0.0,1.0,0.0,0.0,0.0,0.0,N14 Bosch
2019-04-12 05:00:00,6.0,1020.0,93.0,3.0,0.0,0.0,1.0,0.0,0.0,0.0,0.0,1.0,0.0,0.0,0.0,0.0,N14 Bosch
2019-04-12 06:00:00,6.0,1020.0,93.0,3.0,0.0,0.0,3.0,3.3333333333333335,6.666666666666667,0.0,0.0,1.0,0.0,0.0,0.0,0.0,N14 Bosch
2019-04-12 07:00:00,7.0,1020.0,93.0,2.0,0.0,0.0,3.0,7.666666666666667,16.333333333333332,0.0,0.0,1.0,0.0,2.5,671.5,191.0,N14 Bosch
2019-04-12 08:00:00,10.0,1021.0,87.0,2.0,0.0,0.0,3.0,10.666666666666666,29.0,0.0,0.0,1.0,0.0,3.0,316.5,317.0,N14 Bosch
2019-04-12 09:00:00,12.0,1021.0,71.0,3.0,0.0,0.0,3.0,3.3333333333333335,6.666666666666667,0.0,0.0,1.0,0.0,0.0,0.0,0.0,N14 Bosch
2019-04-12 10:00:00,14.0,1021.0,71.0,2.0,0.0,0.0,3.0,13.666666666666666,31.333333333333332,0.0,0.0,1.0,0.0,0.0,0.0,0.0,N14 Bosch
2019-04-12 11:00:00,17.0,1021.0,82.0,2.0,0.0,0.0,3.0,20.333333333333332,85.33333333333333,0.0,0.0,1.0,0.0,3.0,605.5,206.0,N14 Bosch
2019-04-12 12:00:00,16.0,1020.0,77.0,3.0,0.0,0.0,3.0,15.0,37.333333333333336,0.0,0.0,1.0,0.0,3.0,246.0,119.0,N14 Bosch
2019-04-12 13:00:00,17.0,1020.0,77.0,3.0,0.0,0.0,3.0,26.0,121.33333333333333,0.0,0.0,1.0,0.0,3.0,457.6666666666667,131.33333333333334,N14 Bosch
2019-04-12 14:00:00,17.0,1020.0,77.0,2.0,0.0,0.0,3.0,16.666666666666668,44.0,0.0,0.0,1.0,0.0,2.3333333333333335,570.3333333333334,184.16666666666666,N14 Bosch
2019-04-12 15:00:00,17.0,1019.0,77.0,2.0,0.0,0.0,3.0,22.666666666666668,77.33333333333333,0.0,0.0,1.0,0.0,2.75,499.0,214.75,N14 Bosch
2019-04-12 16:00:00,17.0,1019.0,77.0,2.0,0.0,0.0,3.0,27.0,114.6666666666667,0.0,0.0,1.0,0.0,2.6,571.5333333333333,180.66666666666666,N14 Bosch
2019-04-12 17:00:00,15.0,1019.0,77.0,2.0,0.0,0.0,3.0,21.666666666666668,76.0,0.0,0.0,1.0,0.0,2.764705882352941,604.9411764705883,242.23529411764707,N14 Bosch
2019-04-12 18:00:00,15.0,1019.0,87.0,2.0,20.0,0.0,3.0,24.666666666666664,99.66666666666666,0.0,0.0,1.0,0.0,2.888888888888889,555.7777777777778,228.44444444444446,N14 Bosch
2019-04-12 19:00:00,13.0,1019.0,87.0,1.0,0.0,0.0,1.0,10.333333333333334,27.0,0.0,0.0,1.0,0.0,3.0,802.0,234.0,N14 Bosch
2019-04-12 20:00:00,12.0,1019.0,87.0,0.0,0.0,0.0,1.0,0.0,0.0,0.0,0.0,1.0,0.0,0.0,0.0,0.0,N14 Bosch
2019-04-12 21:00:00,11.0,1020.0,93.0,1.0,0.0,0.0,1.0,0.0,0.0,0.0,0.0,1.0,0.0,0.0,0.0,0.0,N14 Bosch
2019-04-12 22:00:00,11.0,1020.0,93.0,0.0,0.0,0.0,1.0,5.333333333333333,13.0,0.0,0.0,1.0,0.0,0.0,0.0,0.0,N14 Bosch
2019-04-12 23:00:00,11.0,1020.0,87.0,0.0,0.0,0.0,1.0,0.0,0.0,0.0,0.0,1.0,0.0,0.0,0.0,0.0,N14 Bosch
2019-04-13 00:00:00,10.0,1020.0,93.0,0.0,0.0,0.0,1.0,0.0,0.0,0.0,0.0,1.0,0.0,0.0,0.0,0.0,N14 Bosch
2019-04-13 01:00:00,10.0,1020.0,93.0,0.0,0.0,0.0,1.0,0.0,0.0,0.0,0.0,1.0,0.0,0.0,0.0,0.0,N14 Bosch
2019-04-13 02:00:00,10.0,1019.0,100.0,1.0,0.0,0.0,1.0,0.0,0.0,0.0,0.0,1.0,0.0,0.0,0.0,0.0,N14 Bosch
2019-04-13 03:00:00,10.0,1019.0,100.0,2.0,0.0,0.0,1.0,0.0,0.0,0.0,0.0,1.0,0.0,0.0,0.0,0.0,N14 Bosch
2019-04-13 04:00:00,10.0,1019.0,87.0,2.0,0.0,0.0,1.0,0.0,0.0,0.0,0.0,1.0,0.0,0.0,0.0,0.0,N14 Bosch
2019-04-13 05:00:00,10.0,1019.0,93.0,2.0,0.0,0.0,1.0,0.0,0.0,0.0,0.0,1.0,0.0,0.0,0.0,0.0,N14 Bosch
2019-04-13 06:00:00,10.0,1019.0,87.0,3.0,0.0,0.0,3.0,0.0,0.0,0.0,0.0,1.0,0.0,0.0,0.0,0.0,N14 Bosch
2019-04-13 07:00:00,10.0,1019.0,87.0,2.0,0.0,0.0,3.0,0.0,0.0,0.0,0.0,1.0,0.0,0.0,0.0,0.0,N14 Bosch
2019-04-13 08:00:00,11.0,1019.0,82.0,3.0,0.0,0.0,3.0,6.0,15.666666666666666,0.0,0.0,1.0,0.0,0.0,0.0,0.0,N14 Bosch
2019-04-13 09:00:00,13.0,1019.0,76.0,2.0,75.0,0.0,3.0,3.0,6.333333333333333,0.0,0.0,1.0,0.0,0.0,0.0,0.0,N14 Bosch
2019-04-13 10:00:00,15.0,1019.0,62.0,3.0,75.0,0.0,3.0,0.0,0.0,0.0,0.0,1.0,0.0,0.0,0.0,0.0,N14 Bosch
2019-04-13 11:00:00,15.0,1019.0,58.0,4.0,75.0,0.0,3.0,12.0,37.0,0.0,0.0,1.0,0.0,2.3333333333333335,411.0,163.66666666666666,N14 Bosch
2019-04-13 12:00:00,16.0,1019.0,72.0,3.0,75.0,0.0,3.0,0.0,0.0,0.0,0.0,1.0,0.0,0.0,0.0,0.0,N14 Bosch
2019-04-13 13:00:00,15.0,1020.0,93.0,3.0,75.0,0.0,3.0,4.0,8.666666666666666,0.0,0.0,1.0,0.0,0.0,0.0,0.0,N14 Bosch
2019-04-13 14:00:00,14.0,1020.0,93.0,3.0,75.0,0.0,3.0,0.0,0.0,0.0,0.0,1.0,0.0,1.5,382.5,139.5,N14 Bosch
2019-04-13 15:00:00,13.0,1019.0,100.0,3.0,75.0,0.0,3.0,4.666666666666667,10.666666666666666,0.0,0.0,1.0,0.0,2.5,311.5,188.0,N14 Bosch
2019-04-13 16:00:00,13.0,1019.0,100.0,4.0,75.0,0.0,3.0,0.0,0.0,0.0,0.0,1.0,0.0,0.0,0.0,0.0,N14 Bosch
2019-04-13 17:00:00,13.0,1019.0,100.0,5.0,75.0,0.0,3.0,0.0,0.0,0.0,0.0,1.0,0.0,0.0,0.0,0.0,N14 Bosch
2019-04-13 18:00:00,13.0,1019.0,100.0,5.0,75.0,0.0,3.0,4.333333333333333,9.666666666666666,0.0,0.0,1.0,0.0,2.3333333333333335,746.6666666666666,232.33333333333334,N14 Bosch
2019-04-13 19:00:00,13.0,1019.0,100.0,6.0,75.0,0.0,1.0,3.3333333333333335,7.333333333333333,0.0,0.0,1.0,0.0,2.6,523.6,287.4,N14 Bosch
2019-04-13 20:00:00,13.0,1019.0,100.0,5.0,75.0,0.0,1.0,0.0,0.0,0.0,0.0,1.0,0.0,3.0,173.0,322.0,N14 Bosch
2019-04-13 21:00:00,13.0,1020.0,100.0,4.0,75.0,0.0,1.0,0.0,0.0,0.0,0.0,1.0,0.0,0.0,0.0,0.0,N14 Bosch
2019-04-13 22:00:00,13.0,1020.0,100.0,4.0,75.0,0.0,1.0,0.0,0.0,0.0,0.0,1.0,0.0,0.0,0.0,0.0,N14 Bosch
2019-04-13 23:00:00,13.0,1019.0,100.0,3.0,75.0,0.0,1.0,0.0,0.0,0.0,0.0,1.0,0.0,0.0,0.0,0.0,N14 Bosch
2019-04-14 00:00:00,13.0,1019.0,100.0,4.0,75.0,0.0,1.0,7.333333333333333,22.666666666666668,0.0,0.0,1.0,0.0,3.0,197.0,150.0,N14 Bosch
2019-04-14 01:00:00,13.0,1019.0,100.0,3.0,75.0,0.0,1.0,0.0,0.0,0.0,0.0,1.0,0.0,0.0,0.0,0.0,N14 Bosch
2019-04-14 02:00:00,13.0,1018.0,100.0,3.0,75.0,0.0,1.0,0.0,0.0,0.0,0.0,1.0,0.0,0.0,0.0,0.0,N14 Bosch
2019-04-14 03:00:00,13.0,1018.0,100.0,4.0,75.0,0.0,1.0,0.0,0.0,0.0,0.0,1.0,0.0,0.0,0.0,0.0,N14 Bosch
2019-04-14 04:00:00,13.0,1017.0,100.0,4.0,75.0,0.0,1.0,0.0,0.0,0.0,0.0,1.0,0.0,0.0,0.0,0.0,N14 Bosch
2019-04-14 05:00:00,13.0,1017.0,100.0,4.0,75.0,0.0,1.0,0.0,0.0,0.0,0.0,1.0,0.0,0.0,0.0,0.0,N14 Bosch
2019-04-14 06:00:00,13.0,1017.0,100.0,4.0,75.0,0.0,3.0,0.0,0.0,0.0,0.0,1.0,0.0,0.0,0.0,0.0,N14 Bosch
2019-04-14 07:00:00,13.0,1017.0,100.0,5.0,90.0,0.0,3.0,0.0,0.0,0.0,0.0,1.0,0.0,0.0,0.0,0.0,N14 Bosch
2019-04-14 08:00:00,14.0,1017.0,100.0,4.0,75.0,0.0,3.0,0.0,0.0,0.0,0.0,1.0,0.0,0.0,0.0,0.0,N14 Bosch
2019-04-14 09:00:00,15.0,1017.0,100.0,4.0,75.0,0.0,3.0,0.0,0.0,0.0,0.0,1.0,0.0,0.0,0.0,0.0,N14 Bosch
2019-04-14 10:00:00,15.0,1017.0,100.0,3.0,75.0,0.0,3.0,0.0,0.0,0.0,0.0,1.0,0.0,0.0,0.0,0.0,N14 Bosch
2019-04-14 11:00:00,16.0,1017.0,93.0,4.0,75.0,0.0,3.0,0.0,0.0,0.0,0.0,1.0,0.0,0.0,0.0,0.0,N14 Bosch
2019-04-14 12:00:00,16.0,1017.0,93.0,5.0,75.0,0.0,3.0,0.0,0.0,0.0,0.0,1.0,0.0,0.0,0.0,0.0,N14 Bosch
2019-04-14 13:00:00,17.0,1017.0,93.0,5.0,75.0,0.0,3.0,0.0,0.0,0.0,0.0,1.0,0.0,0.0,0.0,0.0,N14 Bosch
2019-04-14 14:00:00,17.0,1017.0,93.0,5.0,75.0,0.0,3.0,0.0,0.0,0.0,0.0,1.0,0.0,3.0,280.0,148.0,N14 Bosch
2019-04-14 15:00:00,18.0,1016.0,93.0,4.0,75.0,0.0,3.0,3.3333333333333335,7.333333333333333,0.0,0.0,1.0,0.0,2.5,897.0,245.0,N14 Bosch
2019-04-14 16:00:00,18.0,1015.0,93.0,3.0,75.0,0.0,3.0,0.0,0.0,0.0,0.0,1.0,0.0,0.0,0.0,0.0,N14 Bosch
2019-04-14 17:00:00,17.0,1014.0,93.0,2.0,75.0,0.0,3.0,0.0,0.0,0.0,0.0,1.0,0.0,0.0,0.0,0.0,N14 Bosch
2019-04-14 18:00:00,17.0,1014.0,93.0,3.0,40.0,0.0,3.0,0.0,0.0,0.0,0.0,1.0,0.0,0.0,0.0,0.0,N14 Bosch
2019-04-14 19:00:00,16.0,1014.0,100.0,2.0,40.0,0.0,1.0,10.0,55.333333333333336,0.0,0.0,1.0,0.0,0.0,0.0,0.0,N14 Bosch
2019-04-14 20:00:00,16.0,1014.0,100.0,3.0,75.0,0.0,1.0,0.0,0.0,0.0,0.0,1.0,0.0,0.0,0.0,0.0,N14 Bosch
2019-04-14 21:00:00,15.0,1014.0,100.0,3.0,75.0,0.0,1.0,0.0,0.0,0.0,0.0,1.0,0.0,0.0,0.0,0.0,N14 Bosch
2019-04-14 22:00:00,15.0,1014.0,100.0,3.0,75.0,0.0,1.0,0.0,0.0,0.0,0.0,1.0,0.0,0.0,0.0,0.0,N14 Bosch
2019-04-14 23:00:00,15.0,1013.0,100.0,4.0,75.0,0.0,1.0,0.0,0.0,0.0,0.0,1.0,0.0,0.0,0.0,0.0,N14 Bosch
2019-04-17 00:00:00,11.0,1008.0,76.0,4.0,0.0,0.0,1.0,0.0,0.0,0.0,0.0,1.0,0.0,0.0,0.0,0.0,N14 Bosch
2019-04-17 01:00:00,12.0,1008.0,71.0,3.0,0.0,0.0,1.0,0.0,0.0,0.0,0.0,1.0,0.0,0.0,0.0,0.0,N14 Bosch
2019-04-17 02:00:00,12.0,1007.0,71.0,4.0,0.0,0.0,1.0,0.0,0.0,0.0,0.0,1.0,0.0,1.0,675.0,27.0,N14 Bosch
2019-04-17 03:00:00,12.0,1007.0,71.0,4.0,0.0,0.0,1.0,0.0,0.0,0.0,0.0,1.0,0.0,0.0,0.0,0.0,N14 Bosch
2019-04-17 04:00:00,11.0,1006.0,71.0,4.0,0.0,0.0,1.0,0.0,0.0,0.0,0.0,1.0,0.0,0.0,0.0,0.0,N14 Bosch
2019-04-17 05:00:00,11.0,1006.0,71.0,6.0,40.0,0.0,2.0,0.0,0.0,0.0,0.0,1.0,0.0,0.0,0.0,0.0,N14 Bosch
2019-04-17 06:00:00,12.0,1006.0,71.0,4.0,20.0,0.0,3.0,0.0,0.0,0.0,0.0,1.0,0.0,0.0,0.0,0.0,N14 Bosch
2019-04-17 07:00:00,12.0,1006.0,67.0,4.0,75.0,0.0,3.0,11.333333333333334,24.666666666666668,0.0,0.0,1.0,0.0,2.0,1237.0,212.0,N14 Bosch
2019-04-17 08:00:00,13.0,1006.0,76.0,4.0,90.0,0.0,3.0,13.666666666666666,33.0,0.0,0.0,1.0,0.0,2.0,766.5,146.5,N14 Bosch
2019-04-17 09:00:00,13.0,1006.0,76.0,5.0,90.0,0.0,3.0,16.0,45.666666666666664,0.0,0.0,1.0,0.0,2.6666666666666665,756.6666666666666,389.6666666666667,N14 Bosch
2019-04-17 10:00:00,12.0,1007.0,87.0,6.0,90.0,1.0,3.0,21.0,66.66666666666667,0.0,0.0,1.0,0.0,2.0,274.0,179.0,N14 Bosch
2019-04-17 11:00:00,12.0,1007.0,93.0,6.0,90.0,1.0,3.0,32.0,267.3333333333333,0.0,0.0,1.0,0.0,2.6666666666666665,797.3333333333334,251.66666666666666,N14 Bosch
2019-04-17 12:00:00,13.0,1007.0,87.0,7.0,75.0,1.0,3.0,19.333333333333332,57.666666666666664,0.0,0.0,1.0,0.0,3.0,1318.0,461.0,N14 Bosch
2019-04-17 13:00:00,13.0,1007.0,93.0,7.0,75.0,1.0,3.0,20.666666666666668,67.66666666666667,0.0,0.0,1.0,0.0,3.0,1350.75,456.0,N14 Bosch
2019-04-17 14:00:00,12.0,1006.0,100.0,5.0,75.0,1.0,3.0,26.666666666666668,111.0,0.0,0.0,1.0,0.0,2.0,487.0,141.66666666666666,N14 Bosch
2019-04-17 15:00:00,12.0,1006.0,87.0,5.0,90.0,0.0,3.0,23.666666666666668,88.66666666666667,0.0,0.0,1.0,0.0,2.2,643.2,241.4,N14 Bosch
2019-04-17 16:00:00,12.0,1007.0,93.0,5.0,40.0,0.0,3.0,31.0,167.66666666666663,0.0,0.0,1.0,0.0,2.5454545454545454,555.6818181818181,184.72727272727272,N14 Bosch
2019-04-17 17:00:00,12.0,1007.0,87.0,6.0,75.0,0.0,3.0,29.66666666666666,147.0,0.0,0.0,1.0,0.0,2.6666666666666665,568.3333333333334,214.625,N14 Bosch
2019-04-17 18:00:00,12.0,1007.0,82.0,5.0,40.0,0.0,2.0,11.333333333333334,31.0,0.0,0.0,1.0,0.0,2.5,632.5,265.0,N14 Bosch
2019-04-17 19:00:00,11.0,1007.0,93.0,4.0,75.0,0.0,1.0,3.3333333333333335,7.333333333333333,0.0,0.0,1.0,0.0,0.0,0.0,0.0,N14 Bosch
2019-04-17 20:00:00,11.0,1008.0,93.0,4.0,40.0,0.0,1.0,0.0,0.0,0.0,0.0,1.0,0.0,0.0,0.0,0.0,N14 Bosch
2019-04-17 21:00:00,11.0,1008.0,93.0,5.0,40.0,0.0,1.0,0.0,0.0,0.0,0.0,1.0,0.0,0.0,0.0,0.0,N14 Bosch
2019-04-17 22:00:00,11.0,1009.0,87.0,5.0,40.0,0.0,1.0,0.0,0.0,0.0,0.0,1.0,0.0,0.0,0.0,0.0,N14 Bosch
2019-04-17 23:00:00,11.0,1010.0,93.0,6.0,40.0,0.0,1.0,0.0,0.0,0.0,0.0,1.0,0.0,0.0,0.0,0.0,N14 Bosch
2019-04-18 00:00:00,10.0,1010.0,93.0,6.0,40.0,0.0,1.0,0.0,0.0,0.0,0.0,1.0,0.0,0.0,0.0,0.0,N14 Bosch
2019-04-18 01:00:00,10.0,1010.0,93.0,4.0,40.0,0.0,1.0,0.0,0.0,0.0,0.0,1.0,0.0,0.0,0.0,0.0,N14 Bosch
2019-04-18 02:00:00,10.0,1010.0,93.0,4.0,75.0,0.0,1.0,0.0,0.0,0.0,0.0,1.0,0.0,0.0,0.0,0.0,N14 Bosch
2019-04-18 03:00:00,10.0,1010.0,93.0,3.0,75.0,0.0,1.0,0.0,0.0,0.0,0.0,1.0,0.0,0.0,0.0,0.0,N14 Bosch
2019-04-18 04:00:00,9.0,1010.0,100.0,3.0,75.0,0.0,1.0,0.0,0.0,0.0,0.0,1.0,0.0,0.0,0.0,0.0,N14 Bosch
2019-04-18 05:00:00,10.0,1010.0,100.0,3.0,40.0,0.0,2.0,0.0,0.0,0.0,0.0,1.0,0.0,0.0,0.0,0.0,N14 Bosch
2019-04-18 06:00:00,10.0,1011.0,93.0,3.0,40.0,0.0,3.0,5.0,12.0,0.0,0.0,1.0,0.0,0.0,0.0,0.0,N14 Bosch
2019-04-18 07:00:00,12.0,1012.0,93.0,4.0,20.0,0.0,3.0,13.333333333333334,33.0,0.0,0.0,1.0,0.0,0.0,0.0,0.0,N14 Bosch
2019-04-18 08:00:00,13.0,1012.0,87.0,4.0,20.0,0.0,3.0,7.666666666666667,16.333333333333332,0.0,0.0,1.0,0.0,2.0,477.0,184.0,N14 Bosch
2019-04-18 09:00:00,14.0,1012.0,82.0,4.0,20.0,0.0,3.0,13.333333333333334,31.0,0.0,0.0,1.0,0.0,0.0,0.0,0.0,N14 Bosch
2019-04-18 10:00:00,15.0,1012.0,77.0,4.0,40.0,0.0,3.0,13.333333333333334,32.0,0.0,0.0,1.0,0.0,0.0,0.0,0.0,N14 Bosch
2019-04-18 11:00:00,15.0,1012.0,72.0,5.0,40.0,0.0,3.0,22.333333333333332,75.33333333333333,0.0,0.0,1.0,0.0,2.0,422.6,169.0,N14 Bosch
2019-04-18 12:00:00,16.0,1012.0,72.0,4.0,20.0,0.0,3.0,23.333333333333332,82.0,0.0,0.0,1.0,0.0,1.0,464.0,219.0,N14 Bosch
2019-04-18 13:00:00,17.0,1012.0,72.0,4.0,20.0,0.0,3.0,25.666666666666668,98.66666666666667,0.0,0.0,1.0,0.0,2.8333333333333335,411.8333333333333,207.66666666666666,N14 Bosch
2019-04-18 14:00:00,16.0,1012.0,77.0,4.0,20.0,0.0,3.0,23.333333333333336,79.0,0.0,0.0,1.0,0.0,2.5555555555555554,526.3333333333334,286.22222222222223,N14 Bosch
2019-04-18 15:00:00,16.0,1012.0,77.0,3.0,20.0,0.0,3.0,29.0,141.66666666666669,0.0,0.0,1.0,0.0,2.2,554.4,180.3,N14 Bosch
2019-04-18 16:00:00,15.0,1012.0,77.0,3.0,20.0,0.0,3.0,30.333333333333332,155.66666666666663,0.0,0.0,1.0,0.0,2.2,664.35,207.35,N14 Bosch
2019-04-18 17:00:00,15.0,1013.0,77.0,2.0,20.0,0.0,3.0,25.666666666666657,115.66666666666661,0.0,0.0,1.0,0.0,2.6470588235294117,693.1470588235294,238.5,N14 Bosch
2019-04-18 18:00:00,14.0,1013.0,82.0,2.0,20.0,0.0,2.0,20.0,74.66666666666666,0.0,0.0,1.0,0.0,2.4545454545454546,586.7272727272727,219.0,N14 Bosch
2019-04-18 19:00:00,13.0,1014.0,82.0,1.0,20.0,0.0,1.0,0.0,0.0,0.0,0.0,1.0,0.0,2.0,731.0,160.0,N14 Bosch
2019-04-18 20:00:00,13.0,1015.0,87.0,1.0,0.0,0.0,1.0,0.0,0.0,0.0,0.0,1.0,0.0,0.0,0.0,0.0,N14 Bosch
2019-04-18 21:00:00,12.0,1015.0,93.0,1.0,0.0,0.0,1.0,7.333333333333333,22.666666666666668,0.0,0.0,1.0,0.0,0.0,0.0,0.0,N14 Bosch
2019-04-18 22:00:00,12.0,1015.0,93.0,1.0,20.0,0.0,1.0,9.0,35.0,0.0,0.0,1.0,0.0,0.0,0.0,0.0,N14 Bosch
2019-04-18 23:00:00,12.0,1015.0,93.0,2.0,0.0,0.0,1.0,0.0,0.0,0.0,0.0,1.0,0.0,0.0,0.0,0.0,N14 Bosch
2019-04-19 00:00:00,11.0,1014.0,93.0,1.0,0.0,0.0,1.0,0.0,0.0,0.0,0.0,1.0,0.0,0.0,0.0,0.0,N14 Bosch
2019-04-19 01:00:00,11.0,1014.0,93.0,1.0,0.0,0.0,1.0,0.0,0.0,0.0,0.0,1.0,0.0,0.0,0.0,0.0,N14 Bosch
2019-04-19 02:00:00,11.0,1013.0,93.0,1.0,0.0,0.0,1.0,0.0,0.0,0.0,0.0,1.0,0.0,0.0,0.0,0.0,N14 Bosch
2019-04-19 03:00:00,11.0,1013.0,93.0,1.0,0.0,0.0,1.0,0.0,0.0,0.0,0.0,1.0,0.0,0.0,0.0,0.0,N14 Bosch
2019-04-19 04:00:00,11.0,1013.0,93.0,2.0,0.0,0.0,1.0,0.0,0.0,0.0,0.0,1.0,0.0,0.0,0.0,0.0,N14 Bosch
2019-04-19 05:00:00,11.0,1013.0,93.0,1.0,40.0,1.0,2.0,0.0,0.0,0.0,0.0,1.0,0.0,0.0,0.0,0.0,N14 Bosch
2019-04-19 06:00:00,11.0,1014.0,93.0,2.0,40.0,1.0,3.0,0.0,0.0,0.0,0.0,1.0,0.0,0.0,0.0,0.0,N14 Bosch
2019-04-19 07:00:00,11.0,1014.0,93.0,1.0,40.0,0.0,3.0,0.0,0.0,0.0,0.0,1.0,0.0,0.0,0.0,0.0,N14 Bosch
2019-04-19 08:00:00,12.0,1014.0,87.0,3.0,20.0,1.0,3.0,0.0,0.0,0.0,0.0,1.0,0.0,0.0,0.0,0.0,N14 Bosch
2019-04-19 09:00:00,13.0,1014.0,87.0,3.0,75.0,0.0,3.0,0.0,0.0,0.0,0.0,1.0,0.0,0.0,0.0,0.0,N14 Bosch
2019-04-19 10:00:00,14.0,1015.0,82.0,3.0,75.0,0.0,3.0,0.0,0.0,0.0,0.0,1.0,0.0,0.0,0.0,0.0,N14 Bosch
2019-04-19 11:00:00,16.0,1016.0,72.0,4.0,40.0,0.0,3.0,3.3333333333333335,7.333333333333333,0.0,0.0,1.0,0.0,0.0,0.0,0.0,N14 Bosch
2019-04-19 12:00:00,17.0,1015.0,59.0,6.0,40.0,0.0,3.0,3.6666666666666665,8.333333333333334,0.0,0.0,1.0,0.0,0.0,0.0,0.0,N14 Bosch
2019-04-19 13:00:00,19.0,1015.0,56.0,6.0,40.0,0.0,3.0,0.0,0.0,0.0,0.0,1.0,0.0,2.5,787.0,182.5,N14 Bosch
2019-04-19 14:00:00,19.0,1015.0,49.0,5.0,20.0,0.0,3.0,3.3333333333333335,6.666666666666667,0.0,0.0,1.0,0.0,3.0,515.0,430.0,N14 Bosch
2019-04-19 15:00:00,20.0,1015.0,46.0,3.0,20.0,0.0,3.0,9.333333333333334,23.666666666666668,0.0,0.0,1.0,0.0,2.0,648.0,174.0,N14 Bosch
2019-04-19 16:00:00,20.0,1015.0,46.0,3.0,20.0,0.0,3.0,3.0,6.333333333333333,0.0,0.0,1.0,0.0,2.0,442.5,134.0,N14 Bosch
2019-04-19 17:00:00,19.0,1016.0,64.0,4.0,20.0,0.0,3.0,13.0,36.25,0.0,0.0,1.0,0.0,0.0,0.0,0.0,N14 Bosch
2019-04-19 18:00:00,18.0,1016.0,68.0,3.0,20.0,0.0,2.0,0.0,0.0,0.0,0.0,1.0,0.0,0.0,0.0,0.0,N14 Bosch
2019-04-19 19:00:00,18.0,1017.0,52.0,3.0,20.0,0.0,1.0,0.0,0.0,0.0,0.0,1.0,0.0,0.0,0.0,0.0,N14 Bosch
2019-04-19 20:00:00,17.0,1018.0,52.0,4.0,0.0,0.0,1.0,3.0,6.333333333333333,0.0,0.0,1.0,0.0,0.0,0.0,0.0,N14 Bosch
2019-04-19 21:00:00,17.0,1018.0,55.0,3.0,0.0,0.0,1.0,3.3333333333333335,6.666666666666667,0.0,0.0,1.0,0.0,3.0,176.5,296.5,N14 Bosch
2019-04-19 22:00:00,16.0,1019.0,72.0,3.0,0.0,0.0,1.0,9.333333333333334,23.0,0.0,0.0,1.0,0.0,0.0,0.0,0.0,N14 Bosch
2019-04-19 23:00:00,15.0,1019.0,76.0,3.0,0.0,0.0,1.0,0.0,0.0,0.0,0.0,1.0,0.0,0.0,0.0,0.0,N14 Bosch
2019-04-20 00:00:00,16.0,1018.0,63.0,3.0,0.0,0.0,1.0,0.0,0.0,0.0,0.0,1.0,0.0,0.0,0.0,0.0,N14 Bosch
2019-04-20 01:00:00,15.0,1018.0,52.0,3.0,0.0,0.0,1.0,0.0,0.0,0.0,0.0,1.0,0.0,0.0,0.0,0.0,N14 Bosch
2019-04-20 02:00:00,15.0,1018.0,55.0,1.0,0.0,0.0,1.0,0.0,0.0,0.0,0.0,1.0,0.0,0.0,0.0,0.0,N14 Bosch
2019-04-20 03:00:00,15.0,1018.0,72.0,1.0,0.0,0.0,1.0,0.0,0.0,0.0,0.0,1.0,0.0,0.0,0.0,0.0,N14 Bosch
2019-04-20 04:00:00,14.0,1018.0,71.0,2.0,0.0,0.0,1.0,0.0,0.0,0.0,0.0,1.0,0.0,0.0,0.0,0.0,N14 Bosch
2019-04-20 05:00:00,14.0,1018.0,59.0,2.0,0.0,0.0,2.0,10.0,55.333333333333336,0.0,0.0,1.0,0.0,0.0,0.0,0.0,N14 Bosch
2019-04-20 06:00:00,15.0,1018.0,51.0,4.0,0.0,0.0,3.0,0.0,0.0,0.0,0.0,1.0,0.0,0.0,0.0,0.0,N14 Bosch
2019-04-20 07:00:00,17.0,1018.0,55.0,0.0,0.0,0.0,3.0,0.0,0.0,0.0,0.0,1.0,0.0,0.0,0.0,0.0,N14 Bosch
2019-04-20 08:00:00,19.0,1018.0,55.0,3.0,0.0,0.0,3.0,0.0,0.0,0.0,0.0,1.0,0.0,0.0,0.0,0.0,N14 Bosch
2019-04-20 09:00:00,21.0,1018.0,49.0,3.0,0.0,0.0,3.0,0.0,0.0,0.0,0.0,1.0,0.0,3.0,269.0,252.0,N14 Bosch
2019-04-20 10:00:00,23.0,1017.0,40.0,3.0,0.0,0.0,3.0,7.666666666666667,17.666666666666668,0.0,0.0,1.0,0.0,2.6,289.6,196.2,N14 Bosch
2019-04-20 11:00:00,25.0,1017.0,44.0,2.0,0.0,0.0,3.0,13.666666666666666,33.0,0.0,0.0,1.0,0.0,1.5,336.0,156.0,N14 Bosch
2019-04-20 12:00:00,23.0,1016.0,56.0,3.0,0.0,0.0,3.0,0.0,0.0,0.0,0.0,1.0,0.0,0.0,0.0,0.0,N14 Bosch
2019-04-20 13:00:00,24.0,1016.0,49.0,4.0,0.0,0.0,3.0,3.0,6.333333333333333,0.0,0.0,1.0,0.0,0.0,0.0,0.0,N14 Bosch
2019-04-20 14:00:00,25.0,1015.0,44.0,5.0,0.0,0.0,3.0,3.0,6.333333333333333,0.0,0.0,1.0,0.0,2.0,494.0,178.0,N14 Bosch
2019-04-20 15:00:00,25.0,1015.0,41.0,4.0,0.0,0.0,3.0,3.3333333333333335,6.666666666666667,0.0,0.0,1.0,0.0,1.6666666666666667,429.6666666666667,203.33333333333334,N14 Bosch
2019-04-20 16:00:00,24.0,1014.0,50.0,5.0,0.0,0.0,3.0,3.6666666666666665,8.333333333333334,0.0,0.0,1.0,0.0,0.0,0.0,0.0,N14 Bosch
2019-04-20 17:00:00,23.0,1014.0,49.0,5.0,0.0,0.0,3.0,10.0,46.333333333333336,0.0,0.0,1.0,0.0,0.0,0.0,0.0,N14 Bosch
2019-04-20 18:00:00,23.0,1013.0,56.0,3.0,0.0,0.0,2.0,0.0,0.0,0.0,0.0,1.0,0.0,3.0,247.0,185.0,N14 Bosch
2019-04-20 19:00:00,19.0,1013.0,77.0,1.0,0.0,0.0,1.0,4.0,8.666666666666666,0.0,0.0,1.0,0.0,0.0,0.0,0.0,N14 Bosch
2019-04-20 20:00:00,18.0,1013.0,82.0,3.0,20.0,0.0,1.0,0.0,0.0,0.0,0.0,1.0,0.0,0.0,0.0,0.0,N14 Bosch
2019-04-20 21:00:00,17.0,1013.0,82.0,3.0,20.0,0.0,1.0,0.0,0.0,0.0,0.0,1.0,0.0,0.0,0.0,0.0,N14 Bosch
2019-04-20 22:00:00,17.0,1013.0,77.0,3.0,20.0,0.0,1.0,0.0,0.0,0.0,0.0,1.0,0.0,0.0,0.0,0.0,N14 Bosch
2019-04-20 23:00:00,17.0,1013.0,56.0,3.0,20.0,0.0,1.0,0.0,0.0,0.0,0.0,1.0,0.0,0.0,0.0,0.0,N14 Bosch
2019-04-21 00:00:00,15.0,1013.0,72.0,2.0,0.0,0.0,1.0,0.0,0.0,0.0,0.0,1.0,0.0,0.0,0.0,0.0,N14 Bosch
2019-04-21 01:00:00,16.0,1013.0,52.0,2.0,0.0,0.0,1.0,0.0,0.0,0.0,0.0,1.0,0.0,0.0,0.0,0.0,N14 Bosch
2019-04-21 02:00:00,16.0,1013.0,45.0,2.0,0.0,0.0,1.0,0.0,0.0,0.0,0.0,1.0,0.0,0.0,0.0,0.0,N14 Bosch
2019-04-21 03:00:00,15.0,1013.0,58.0,3.0,0.0,0.0,1.0,0.0,0.0,0.0,0.0,1.0,0.0,0.0,0.0,0.0,N14 Bosch
2019-04-21 04:00:00,14.0,1013.0,76.0,1.0,0.0,0.0,1.0,0.0,0.0,0.0,0.0,1.0,0.0,0.0,0.0,0.0,N14 Bosch
2019-04-21 05:00:00,13.0,1013.0,66.0,1.0,0.0,0.0,2.0,0.0,0.0,0.0,0.0,1.0,0.0,0.0,0.0,0.0,N14 Bosch
2019-04-21 06:00:00,14.0,1014.0,76.0,2.0,0.0,0.0,3.0,0.0,0.0,0.0,0.0,1.0,0.0,0.0,0.0,0.0,N14 Bosch
2019-04-21 07:00:00,16.0,1014.0,82.0,2.0,0.0,0.0,3.0,0.0,0.0,0.0,0.0,1.0,0.0,0.0,0.0,0.0,N14 Bosch
2019-04-21 08:00:00,19.0,1014.0,59.0,1.0,0.0,0.0,3.0,0.0,0.0,0.0,0.0,1.0,0.0,0.0,0.0,0.0,N14 Bosch
2019-04-21 09:00:00,20.0,1014.0,43.0,1.0,0.0,0.0,3.0,0.0,0.0,0.0,0.0,1.0,0.0,0.0,0.0,0.0,N14 Bosch
2019-04-21 10:00:00,22.0,1013.0,43.0,2.0,0.0,0.0,3.0,0.0,0.0,0.0,0.0,1.0,0.0,0.0,0.0,0.0,N14 Bosch
2019-04-21 11:00:00,22.0,1013.0,56.0,3.0,20.0,0.0,3.0,0.0,0.0,0.0,0.0,1.0,0.0,0.0,0.0,0.0,N14 Bosch
2019-04-21 12:00:00,22.0,1012.0,46.0,5.0,20.0,0.0,3.0,8.0,17.333333333333332,0.0,0.0,1.0,0.0,0.0,0.0,0.0,N14 Bosch
2019-04-21 13:00:00,22.0,1011.0,43.0,5.0,20.0,0.0,3.0,0.0,0.0,0.0,0.0,1.0,0.0,0.0,0.0,0.0,N14 Bosch
2019-04-21 14:00:00,22.0,1010.0,49.0,7.0,20.0,0.0,3.0,0.0,0.0,0.0,0.0,1.0,0.0,0.0,0.0,0.0,N14 Bosch
2019-04-21 15:00:00,22.0,1009.0,56.0,5.0,20.0,0.0,3.0,0.0,0.0,0.0,0.0,1.0,0.0,0.0,0.0,0.0,N14 Bosch
2019-04-21 16:00:00,20.0,1009.0,68.0,5.0,20.0,0.0,3.0,0.0,0.0,0.0,0.0,1.0,0.0,0.0,0.0,0.0,N14 Bosch
2019-04-21 17:00:00,18.0,1008.0,77.0,3.0,40.0,0.0,3.0,6.0,15.666666666666666,0.0,0.0,1.0,0.0,0.0,0.0,0.0,N14 Bosch
2019-04-21 18:00:00,19.0,1008.0,72.0,2.0,40.0,0.0,2.0,0.0,0.0,0.0,0.0,1.0,0.0,3.0,168.0,185.0,N14 Bosch
2019-04-21 19:00:00,17.0,1007.0,68.0,4.0,20.0,0.0,1.0,0.0,0.0,0.0,0.0,1.0,0.0,0.0,0.0,0.0,N14 Bosch
2019-04-21 20:00:00,16.0,1007.0,77.0,1.0,0.0,0.0,1.0,0.0,0.0,0.0,0.0,1.0,0.0,0.0,0.0,0.0,N14 Bosch
2019-04-21 21:00:00,15.0,1008.0,72.0,3.0,0.0,0.0,1.0,0.0,0.0,0.0,0.0,1.0,0.0,0.0,0.0,0.0,N14 Bosch
2019-04-21 22:00:00,15.0,1008.0,72.0,3.0,0.0,0.0,1.0,0.0,0.0,0.0,0.0,1.0,0.0,0.0,0.0,0.0,N14 Bosch
2019-04-21 23:00:00,15.0,1007.0,76.0,1.0,0.0,0.0,1.0,7.666666666666667,17.666666666666668,0.0,0.0,1.0,0.0,0.0,0.0,0.0,N14 Bosch
2019-04-22 00:00:00,13.0,1007.0,93.0,1.0,0.0,0.0,1.0,0.0,0.0,0.0,0.0,1.0,0.0,0.0,0.0,0.0,N14 Bosch
2019-04-22 01:00:00,12.0,1006.0,93.0,1.0,0.0,0.0,1.0,0.0,0.0,0.0,0.0,1.0,0.0,0.0,0.0,0.0,N14 Bosch
2019-04-22 02:00:00,11.0,1006.0,93.0,1.0,0.0,0.0,1.0,0.0,0.0,0.0,0.0,1.0,0.0,0.0,0.0,0.0,N14 Bosch
2019-04-22 03:00:00,11.0,1005.0,100.0,3.0,0.0,0.0,1.0,0.0,0.0,0.0,0.0,1.0,0.0,0.0,0.0,0.0,N14 Bosch
2019-04-22 04:00:00,11.0,1004.0,87.0,3.0,0.0,0.0,1.0,0.0,0.0,0.0,0.0,1.0,0.0,0.0,0.0,0.0,N14 Bosch
2019-04-22 05:00:00,10.0,1004.0,87.0,4.0,0.0,0.0,2.0,0.0,0.0,0.0,0.0,1.0,0.0,3.0,934.0,345.0,N14 Bosch
2019-04-22 06:00:00,11.0,1004.0,87.0,3.0,0.0,0.0,3.0,0.0,0.0,0.0,0.0,1.0,0.0,0.0,0.0,0.0,N14 Bosch
2019-04-22 07:00:00,13.0,1004.0,82.0,2.0,75.0,0.0,3.0,0.0,0.0,0.0,0.0,1.0,0.0,0.0,0.0,0.0,N14 Bosch
2019-04-22 08:00:00,16.0,1004.0,87.0,5.0,75.0,0.0,3.0,3.6666666666666665,8.333333333333334,0.0,0.0,1.0,0.0,0.0,0.0,0.0,N14 Bosch
2019-04-22 09:00:00,15.0,1003.0,87.0,5.0,75.0,0.0,3.0,7.666666666666667,16.333333333333332,0.0,0.0,1.0,0.0,0.0,0.0,0.0,N14 Bosch
2019-04-22 10:00:00,17.0,1003.0,87.0,5.0,75.0,0.0,3.0,16.666666666666668,46.0,0.0,0.0,1.0,0.0,0.0,0.0,0.0,N14 Bosch
2019-04-22 11:00:00,17.0,1003.0,93.0,4.0,75.0,0.0,3.0,4.333333333333333,9.666666666666666,0.0,0.0,1.0,0.0,0.0,0.0,0.0,N14 Bosch
2019-04-22 12:00:00,15.0,1002.0,87.0,4.0,75.0,0.0,3.0,4.333333333333333,9.666666666666666,0.0,0.0,1.0,0.0,0.0,0.0,0.0,N14 Bosch
2019-04-22 13:00:00,16.0,1001.0,87.0,4.0,75.0,0.0,3.0,7.333333333333333,16.666666666666668,0.0,0.0,1.0,0.0,0.0,0.0,0.0,N14 Bosch
2019-04-22 14:00:00,15.0,1001.0,82.0,4.0,75.0,0.0,3.0,13.0,30.0,0.0,0.0,1.0,0.0,3.0,346.0,126.0,N14 Bosch
2019-04-22 15:00:00,15.0,999.0,87.0,6.0,75.0,1.0,3.0,16.0,41.0,0.0,0.0,1.0,0.0,2.0,403.0,183.0,N14 Bosch
2019-04-22 16:00:00,14.0,999.0,87.0,6.0,75.0,1.0,3.0,16.0,41.333333333333336,0.0,0.0,1.0,0.0,2.0,726.0,153.0,N14 Bosch
2019-04-22 17:00:00,13.0,998.0,93.0,6.0,75.0,1.0,3.0,16.666666666666668,43.333333333333336,0.0,0.0,1.0,0.0,0.0,0.0,0.0,N14 Bosch
2019-04-22 18:00:00,13.0,997.0,87.0,8.0,75.0,1.0,2.0,2.25,4.75,0.0,0.0,1.0,0.0,0.0,0.0,0.0,N14 Bosch
2019-04-22 19:00:00,11.0,996.0,93.0,6.0,75.0,2.0,1.0,0.0,0.0,0.0,0.0,1.0,0.0,0.0,0.0,0.0,N14 Bosch
2019-04-22 20:00:00,10.0,998.0,93.0,1.0,75.0,1.0,1.0,0.0,0.0,0.0,0.0,1.0,0.0,0.0,0.0,0.0,N14 Bosch
2019-04-22 21:00:00,9.0,998.0,100.0,1.0,75.0,1.0,1.0,0.0,0.0,0.0,0.0,1.0,0.0,0.0,0.0,0.0,N14 Bosch
2019-04-22 22:00:00,8.0,997.0,100.0,2.0,75.0,1.0,1.0,0.0,0.0,0.0,0.0,1.0,0.0,0.0,0.0,0.0,N14 Bosch
2019-04-22 23:00:00,8.0,997.0,100.0,1.0,75.0,1.0,1.0,0.0,0.0,0.0,0.0,1.0,0.0,0.0,0.0,0.0,N14 Bosch
2019-04-23 00:00:00,8.0,996.0,100.0,2.0,75.0,0.0,1.0,0.0,0.0,0.0,0.0,1.0,0.0,0.0,0.0,0.0,N14 Bosch
2019-04-23 01:00:00,8.0,996.0,76.0,3.0,20.0,0.0,1.0,0.0,0.0,0.0,0.0,1.0,0.0,0.0,0.0,0.0,N14 Bosch
2019-04-23 02:00:00,8.0,996.0,71.0,3.0,40.0,0.0,1.0,0.0,0.0,0.0,0.0,1.0,0.0,0.0,0.0,0.0,N14 Bosch
2019-04-23 03:00:00,8.0,996.0,76.0,5.0,40.0,0.0,1.0,0.0,0.0,0.0,0.0,1.0,0.0,0.0,0.0,0.0,N14 Bosch
2019-04-23 04:00:00,8.0,995.0,81.0,0.0,75.0,0.0,1.0,0.0,0.0,0.0,0.0,1.0,0.0,0.0,0.0,0.0,N14 Bosch
2019-04-23 05:00:00,7.0,995.0,93.0,2.0,75.0,0.0,2.0,0.0,0.0,0.0,0.0,1.0,0.0,0.0,0.0,0.0,N14 Bosch
2019-04-23 06:00:00,7.0,996.0,87.0,1.0,75.0,0.0,3.0,0.0,0.0,0.0,0.0,1.0,0.0,2.0,677.0,149.0,N14 Bosch
2019-04-23 07:00:00,7.0,997.0,93.0,3.0,75.0,0.0,3.0,17.0,46.333333333333336,0.0,0.0,1.0,0.0,2.5,589.5625,207.3125,N14 Bosch
2019-04-23 08:00:00,8.0,997.0,87.0,3.0,75.0,0.0,3.0,15.0,50.66666666666667,0.0,0.0,1.0,0.0,2.5454545454545454,684.3636363636364,333.54545454545456,N14 Bosch
2019-04-23 09:00:00,9.0,998.0,81.0,2.0,75.0,0.0,3.0,9.0,21.333333333333332,0.0,0.0,1.0,0.0,2.6666666666666665,638.6666666666666,238.33333333333334,N14 Bosch
2019-04-23 10:00:00,10.0,999.0,87.0,1.0,75.0,0.0,3.0,13.0,44.333333333333336,0.0,0.0,1.0,0.0,2.0,300.5,222.5,N14 Bosch
2019-04-23 11:00:00,10.0,999.0,81.0,1.0,75.0,0.0,3.0,19.333333333333332,58.333333333333336,0.0,0.0,1.0,0.0,2.6,303.6,165.2,N14 Bosch
2019-04-23 12:00:00,11.0,999.0,76.0,2.0,40.0,0.0,3.0,18.333333333333332,52.333333333333336,0.0,0.0,1.0,0.0,3.0,268.0,216.0,N14 Bosch
2019-04-23 13:00:00,11.0,1000.0,76.0,6.0,75.0,0.0,3.0,20.0,62.0,0.0,0.0,1.0,0.0,2.7142857142857144,574.2857142857143,230.85714285714286,N14 Bosch
2019-04-23 14:00:00,12.0,1000.0,71.0,3.0,40.0,0.0,3.0,20.666666666666668,121.66666666666667,0.0,0.0,1.0,0.0,2.6666666666666665,528.0,195.0,N14 Bosch
2019-04-23 15:00:00,12.0,1000.0,71.0,4.0,75.0,0.0,3.0,31.0,208.0,0.0,0.0,1.0,0.0,2.6,599.2,212.2,N14 Bosch
2019-04-23 16:00:00,11.0,1000.0,66.0,3.0,40.0,0.0,3.0,25.666666666666668,101.0,0.0,0.0,1.0,0.0,2.5416666666666665,613.0,237.66666666666666,N14 Bosch
2019-04-23 17:00:00,10.0,1000.0,66.0,3.0,40.0,0.0,3.0,24.0,108.33333333333336,0.0,0.0,1.0,0.0,2.84,683.2,239.36,N14 Bosch
2019-04-23 18:00:00,10.0,1000.0,71.0,3.0,40.0,0.0,2.0,15.0,66.33333333333333,0.0,0.0,1.0,0.0,2.4,667.6,241.8,N14 Bosch
2019-04-23 19:00:00,9.0,1000.0,71.0,3.0,40.0,0.0,1.0,3.3333333333333335,6.666666666666667,0.0,0.0,1.0,0.0,0.0,0.0,0.0,N14 Bosch
2019-04-23 20:00:00,9.0,1001.0,71.0,4.0,40.0,0.0,1.0,0.0,0.0,0.0,0.0,1.0,0.0,0.0,0.0,0.0,N14 Bosch
2019-04-23 21:00:00,9.0,1001.0,62.0,4.0,75.0,0.0,1.0,0.0,0.0,0.0,0.0,1.0,0.0,0.0,0.0,0.0,N14 Bosch
2019-04-23 22:00:00,8.0,1001.0,76.0,4.0,75.0,0.0,1.0,0.0,0.0,0.0,0.0,1.0,0.0,0.0,0.0,0.0,N14 Bosch
2019-04-23 23:00:00,7.0,1001.0,76.0,6.0,75.0,0.0,1.0,0.0,0.0,0.0,0.0,1.0,0.0,0.0,0.0,0.0,N14 Bosch
2019-04-24 00:00:00,7.0,1000.0,93.0,4.0,75.0,1.0,1.0,0.0,0.0,0.0,0.0,1.0,0.0,0.0,0.0,0.0,N14 Bosch
2019-04-24 01:00:00,7.0,999.0,93.0,6.0,75.0,1.0,1.0,0.0,0.0,0.0,0.0,1.0,0.0,0.0,0.0,0.0,N14 Bosch
2019-04-24 02:00:00,7.0,997.0,93.0,7.0,75.0,1.0,1.0,0.0,0.0,0.0,0.0,1.0,0.0,0.0,0.0,0.0,N14 Bosch
2019-04-24 03:00:00,7.0,995.0,93.0,5.0,75.0,1.0,1.0,0.0,0.0,0.0,0.0,1.0,0.0,0.0,0.0,0.0,N14 Bosch
2019-04-24 04:00:00,6.0,995.0,93.0,6.0,75.0,1.0,1.0,0.0,0.0,0.0,0.0,1.0,0.0,0.0,0.0,0.0,N14 Bosch
2019-04-24 05:00:00,9.0,994.0,87.0,6.0,75.0,0.0,2.0,0.0,0.0,0.0,0.0,1.0,0.0,0.0,0.0,0.0,N14 Bosch
2019-04-24 06:00:00,10.0,995.0,93.0,5.0,75.0,0.0,3.0,3.3333333333333335,7.333333333333333,0.0,0.0,1.0,0.0,2.0,684.0,133.0,N14 Bosch
2019-04-24 07:00:00,10.0,996.0,93.0,6.0,75.0,0.0,3.0,14.0,33.33333333333333,0.0,0.0,1.0,0.0,2.857142857142857,532.6428571428571,232.78571428571428,N14 Bosch
2019-04-24 08:00:00,11.0,997.0,82.0,6.0,75.0,0.0,3.0,19.666666666666668,67.66666666666667,0.0,0.0,1.0,0.0,2.6,393.6,203.0,N14 Bosch
2019-04-24 09:00:00,12.0,998.0,76.0,6.0,40.0,0.0,3.0,12.0,33.333333333333336,0.0,0.0,1.0,0.0,0.0,0.0,0.0,N14 Bosch
2019-04-24 10:00:00,12.0,999.0,67.0,7.0,40.0,0.0,3.0,17.333333333333332,55.0,0.0,0.0,1.0,0.0,1.5,395.5,162.0,N14 Bosch
2019-04-24 11:00:00,12.0,999.0,67.0,6.0,20.0,0.0,3.0,23.666666666666668,85.33333333333333,0.0,0.0,1.0,0.0,0.0,0.0,0.0,N14 Bosch
2019-04-24 12:00:00,11.0,999.0,82.0,7.0,75.0,0.0,3.0,14.666666666666666,36.333333333333336,0.0,0.0,1.0,0.0,3.0,571.0,155.0,N14 Bosch
2019-04-24 13:00:00,11.0,999.0,82.0,7.0,75.0,0.0,3.0,17.666666666666668,51.333333333333336,0.0,0.0,1.0,0.0,2.5,650.3333333333334,210.5,N14 Bosch
2019-04-24 14:00:00,11.0,1000.0,87.0,7.0,75.0,0.0,3.0,24.0,85.66666666666666,0.0,0.0,1.0,0.0,3.0,506.0,238.28571428571428,N14 Bosch
2019-04-24 15:00:00,10.0,1000.0,87.0,6.0,75.0,0.0,3.0,26.0,110.66666666666666,0.0,0.0,1.0,0.0,2.125,447.125,198.0,N14 Bosch
2019-04-24 16:00:00,10.0,1000.0,87.0,3.0,75.0,0.0,3.0,28.333333333333346,142.66666666666669,0.0,0.0,1.0,0.0,2.735294117647059,538.6176470588235,256.6470588235294,N14 Bosch
2019-04-24 17:00:00,10.0,1001.0,81.0,5.0,75.0,0.0,3.0,29.0,138.6666666666667,0.0,0.0,1.0,0.0,2.744186046511628,569.3953488372093,240.34883720930233,N14 Bosch
2019-04-24 18:00:00,10.0,1001.0,82.0,4.0,75.0,0.0,2.0,23.0,89.66666666666666,0.0,0.0,1.0,0.0,2.4615384615384617,354.2307692307692,225.30769230769232,N14 Bosch
2019-04-24 19:00:00,9.0,1002.0,81.0,4.0,20.0,0.0,1.0,0.0,0.0,0.0,0.0,1.0,0.0,0.0,0.0,0.0,N14 Bosch
2019-04-24 20:00:00,9.0,1003.0,81.0,4.0,20.0,0.0,1.0,0.0,0.0,0.0,0.0,1.0,0.0,0.0,0.0,0.0,N14 Bosch
2019-04-24 21:00:00,9.0,1003.0,81.0,5.0,20.0,0.0,1.0,0.0,0.0,0.0,0.0,1.0,0.0,0.0,0.0,0.0,N14 Bosch
2019-04-24 22:00:00,8.0,1004.0,87.0,4.0,20.0,0.0,1.0,4.666666666666667,10.666666666666666,0.0,0.0,1.0,0.0,3.0,315.0,197.0,N14 Bosch
2019-04-24 23:00:00,9.0,1004.0,71.0,5.0,20.0,0.0,1.0,0.0,0.0,0.0,0.0,1.0,0.0,0.0,0.0,0.0,N14 Bosch
2019-04-25 00:00:00,9.0,1004.0,71.0,4.0,20.0,0.0,1.0,0.0,0.0,0.0,0.0,1.0,0.0,0.0,0.0,0.0,N14 Bosch
2019-04-25 01:00:00,8.0,1005.0,76.0,7.0,20.0,0.0,1.0,0.0,0.0,0.0,0.0,1.0,0.0,3.0,221.66666666666666,202.0,N14 Bosch
2019-04-25 02:00:00,7.0,1005.0,87.0,4.0,20.0,0.0,1.0,0.0,0.0,0.0,0.0,1.0,0.0,0.0,0.0,0.0,N14 Bosch
2019-04-25 03:00:00,7.0,1006.0,81.0,4.0,40.0,0.0,1.0,0.0,0.0,0.0,0.0,1.0,0.0,0.0,0.0,0.0,N14 Bosch
2019-04-25 04:00:00,8.0,1006.0,76.0,3.0,20.0,0.0,1.0,0.0,0.0,0.0,0.0,1.0,0.0,0.0,0.0,0.0,N14 Bosch
2019-04-25 05:00:00,8.0,1006.0,71.0,3.0,20.0,0.0,2.0,0.0,0.0,0.0,0.0,1.0,0.0,0.0,0.0,0.0,N14 Bosch
2019-04-25 06:00:00,8.0,1007.0,71.0,4.0,20.0,0.0,3.0,0.0,0.0,0.0,0.0,1.0,0.0,0.0,0.0,0.0,N14 Bosch
2019-04-25 07:00:00,9.0,1008.0,71.0,4.0,20.0,0.0,3.0,0.0,0.0,0.0,0.0,1.0,0.0,0.0,0.0,0.0,N14 Bosch
2019-04-25 08:00:00,10.0,1009.0,66.0,5.0,40.0,0.0,3.0,0.0,0.0,0.0,0.0,1.0,0.0,0.0,0.0,0.0,N14 Bosch
2019-04-25 09:00:00,11.0,1009.0,67.0,5.0,40.0,0.0,3.0,0.0,0.0,0.0,0.0,1.0,0.0,0.0,0.0,0.0,N14 Bosch
2019-04-25 10:00:00,11.0,1010.0,71.0,6.0,40.0,0.0,3.0,0.0,0.0,0.0,0.0,1.0,0.0,0.0,0.0,0.0,N14 Bosch
2019-04-25 11:00:00,11.0,1011.0,71.0,6.0,40.0,0.0,3.0,0.0,0.0,0.0,0.0,1.0,0.0,0.0,0.0,0.0,N14 Bosch
2019-04-25 12:00:00,11.0,1012.0,67.0,7.0,75.0,0.0,3.0,0.0,0.0,0.0,0.0,1.0,0.0,0.0,0.0,0.0,N14 Bosch
2019-04-25 13:00:00,12.0,1012.0,72.0,7.0,75.0,0.0,3.0,0.0,0.0,0.0,0.0,1.0,0.0,0.0,0.0,0.0,N14 Bosch
2019-04-25 14:00:00,10.0,1013.0,71.0,7.0,75.0,0.0,3.0,0.0,0.0,0.0,0.0,1.0,0.0,3.0,357.0,150.0,N14 Bosch
2019-04-25 15:00:00,11.0,1014.0,76.0,3.0,40.0,0.0,3.0,0.0,0.0,0.0,0.0,1.0,0.0,3.0,321.0,196.0,N14 Bosch
2019-04-25 16:00:00,11.0,1014.0,82.0,5.0,75.0,0.0,3.0,0.0,0.0,0.0,0.0,1.0,0.0,0.0,0.0,0.0,N14 Bosch
2019-04-25 17:00:00,11.0,1015.0,82.0,3.0,75.0,0.0,3.0,0.0,0.0,0.0,0.0,1.0,0.0,1.0,464.0,146.0,N14 Bosch
2019-04-25 18:00:00,11.0,1016.0,76.0,4.0,75.0,0.0,2.0,0.0,0.0,0.0,0.0,1.0,0.0,0.0,0.0,0.0,N14 Bosch
2019-04-25 19:00:00,10.0,1017.0,93.0,3.0,75.0,0.0,1.0,0.0,0.0,0.0,0.0,1.0,0.0,0.0,0.0,0.0,N14 Bosch
2019-04-25 20:00:00,10.0,1018.0,76.0,3.0,40.0,0.0,1.0,0.0,0.0,0.0,0.0,1.0,0.0,3.0,193.0,254.0,N14 Bosch
2019-04-25 21:00:00,10.0,1020.0,87.0,4.0,75.0,0.0,1.0,0.0,0.0,0.0,0.0,1.0,0.0,3.0,193.0,254.0,N14 Bosch
2019-04-25 22:00:00,10.0,1021.0,87.0,5.0,75.0,0.0,1.0,0.0,0.0,0.0,0.0,1.0,0.0,0.0,0.0,0.0,N14 Bosch
2019-04-25 23:00:00,10.0,1021.0,87.0,4.0,40.0,0.0,1.0,0.0,0.0,0.0,0.0,1.0,0.0,0.0,0.0,0.0,N14 Bosch
2019-04-26 00:00:00,10.0,1022.0,81.0,3.0,40.0,0.0,1.0,0.0,0.0,0.0,0.0,1.0,0.0,0.0,0.0,0.0,N14 Bosch
2019-04-26 01:00:00,9.0,1022.0,93.0,2.0,40.0,0.0,1.0,0.0,0.0,0.0,0.0,1.0,0.0,0.0,0.0,0.0,N14 Bosch
2019-04-26 02:00:00,9.0,1022.0,87.0,1.0,75.0,0.0,1.0,0.0,0.0,0.0,0.0,1.0,0.0,0.0,0.0,0.0,N14 Bosch
2019-04-26 03:00:00,9.0,1023.0,87.0,3.0,40.0,0.0,1.0,0.0,0.0,0.0,0.0,1.0,0.0,0.0,0.0,0.0,N14 Bosch
2019-04-26 04:00:00,9.0,1023.0,81.0,3.0,40.0,0.0,1.0,0.0,0.0,0.0,0.0,1.0,0.0,0.0,0.0,0.0,N14 Bosch
2019-04-26 05:00:00,8.0,1024.0,87.0,2.0,20.0,0.0,2.0,0.0,0.0,0.0,0.0,1.0,0.0,0.0,0.0,0.0,N14 Bosch
2019-04-26 06:00:00,9.0,1025.0,81.0,2.0,75.0,0.0,3.0,4.333333333333333,10.333333333333334,0.0,0.0,1.0,0.0,0.0,0.0,0.0,N14 Bosch
2019-04-26 07:00:00,10.0,1025.0,81.0,2.0,40.0,0.0,3.0,19.333333333333332,55.666666666666664,0.0,0.0,1.0,0.0,2.5,479.5,195.5,N14 Bosch
2019-04-26 08:00:00,10.75,1025.75,75.0,2.25,40.0,0.0,3.0,0.0,0.0,0.0,0.0,1.0,0.0,3.0,476.0,161.5,N14 Bosch
2019-04-26 09:00:00,11.5,1026.5,69.0,2.5,40.0,0.0,3.0,13.75,35.0,0.0,0.0,1.0,0.0,1.0,327.0,169.0,N14 Bosch
2019-04-26 10:00:00,11.916666666666666,1026.75,67.16666666666667,2.5833333333333335,40.0,0.0,3.0,13.0,29.0,0.0,0.0,1.0,0.0,2.0,327.0,240.0,N14 Bosch
2019-04-26 11:00:00,12.333333333333334,1027.0,65.33333333333333,2.6666666666666665,40.0,0.0,3.0,7.888888888888888,30.888888888888886,0.0,0.0,1.0,0.0,0.0,0.0,0.0,N14 Bosch
2019-04-26 12:00:00,12.75,1027.25,63.5,2.75,40.0,0.0,3.0,6.222222222222222,15.222222222222223,0.0,0.0,1.0,0.0,0.0,0.0,0.0,N14 Bosch
2019-04-26 13:00:00,13.166666666666666,1027.5,61.666666666666664,2.8333333333333335,40.0,0.0,3.0,8.666666666666666,40.44444444444444,0.0,0.0,1.0,0.0,0.0,0.0,0.0,N14 Bosch
2019-04-26 14:00:00,13.583333333333334,1027.75,59.833333333333336,2.9166666666666665,40.0,0.0,3.0,6.666666666666667,16.88888888888889,0.0,0.0,1.0,0.0,0.0,0.0,0.0,N14 Bosch
2019-04-26 15:00:00,14.0,1028.0,58.0,3.0,40.0,0.0,3.0,28.0,136.0,0.0,0.0,1.0,0.0,2.5,667.8333333333334,234.0,N14 Bosch
2019-04-26 16:00:00,14.0,1028.0,58.0,4.0,20.0,0.0,3.0,31.0,156.6666666666666,0.0,0.0,1.0,0.0,2.5652173913043477,585.6086956521739,200.34782608695653,N14 Bosch
2019-04-26 17:00:00,14.0,1028.0,67.0,4.0,20.0,0.0,3.0,25.33333333333333,97.0,0.0,0.0,1.0,0.0,2.5,566.1875,213.5,N14 Bosch
2019-04-26 18:00:00,13.0,1028.0,71.0,3.0,20.0,0.0,3.0,15.666666666666666,39.666666666666664,0.0,0.0,1.0,0.0,2.6666666666666665,416.6666666666667,266.0,N14 Bosch
2019-04-26 19:00:00,12.0,1029.0,76.0,4.0,0.0,0.0,1.0,8.0,17.333333333333332,0.0,0.0,1.0,0.0,0.0,0.0,0.0,N14 Bosch
2019-04-26 20:00:00,11.0,1029.0,81.0,3.0,0.0,0.0,1.0,0.0,0.0,0.0,0.0,1.0,0.0,0.0,0.0,0.0,N14 Bosch
2019-04-26 21:00:00,10.0,1030.0,81.0,2.0,0.0,0.0,1.0,0.0,0.0,0.0,0.0,1.0,0.0,0.0,0.0,0.0,N14 Bosch
2019-04-26 22:00:00,9.0,1030.0,87.0,2.0,0.0,0.0,1.0,7.0,20.666666666666668,0.0,0.0,1.0,0.0,0.0,0.0,0.0,N14 Bosch
2019-04-26 23:00:00,8.0,1030.0,93.0,1.0,0.0,0.0,1.0,0.0,0.0,0.0,0.0,1.0,0.0,0.0,0.0,0.0,N14 Bosch
2019-04-27 00:00:00,8.0,1029.0,93.0,2.0,0.0,0.0,1.0,0.0,0.0,0.0,0.0,1.0,0.0,0.0,0.0,0.0,N14 Bosch
2019-04-27 01:00:00,7.0,1029.0,93.0,1.0,0.0,0.0,1.0,0.0,0.0,0.0,0.0,1.0,0.0,0.0,0.0,0.0,N14 Bosch
2019-04-27 02:00:00,7.0,1029.0,87.0,1.0,0.0,0.0,1.0,0.0,0.0,0.0,0.0,1.0,0.0,0.0,0.0,0.0,N14 Bosch
2019-04-27 03:00:00,6.0,1028.0,87.0,1.0,0.0,0.0,1.0,0.0,0.0,0.0,0.0,1.0,0.0,0.0,0.0,0.0,N14 Bosch
2019-04-27 04:00:00,6.0,1028.0,93.0,1.0,0.0,0.0,1.0,0.0,0.0,0.0,0.0,1.0,0.0,0.0,0.0,0.0,N14 Bosch
2019-04-27 05:00:00,6.0,1028.0,93.0,1.0,0.0,0.0,2.0,0.0,0.0,0.0,0.0,1.0,0.0,0.0,0.0,0.0,N14 Bosch
2019-04-27 06:00:00,6.0,1029.0,93.0,2.0,0.0,0.0,3.0,0.0,0.0,0.0,0.0,1.0,0.0,0.0,0.0,0.0,N14 Bosch
2019-04-27 07:00:00,9.0,1029.0,87.0,3.0,0.0,0.0,3.0,0.0,0.0,0.0,0.0,1.0,0.0,0.0,0.0,0.0,N14 Bosch
2019-04-27 08:00:00,13.0,1028.0,71.0,4.0,0.0,0.0,3.0,0.0,0.0,0.0,0.0,1.0,0.0,0.0,0.0,0.0,N14 Bosch
2019-04-27 09:00:00,12.0,1028.0,71.0,4.0,0.0,0.0,3.0,3.3333333333333335,6.666666666666667,0.0,0.0,1.0,0.0,0.0,0.0,0.0,N14 Bosch
2019-04-27 10:00:00,16.0,1028.0,67.0,3.0,0.0,0.0,3.0,11.666666666666666,30.333333333333332,0.0,0.0,1.0,0.0,1.0,393.0,123.0,N14 Bosch
2019-04-27 11:00:00,18.0,1028.0,67.0,4.0,0.0,0.0,3.0,4.666666666666667,10.666666666666666,0.0,0.0,1.0,0.0,0.0,0.0,0.0,N14 Bosch
2019-04-27 12:00:00,19.0,1027.0,72.0,5.0,0.0,0.0,3.0,0.0,0.0,0.0,0.0,1.0,0.0,0.0,0.0,0.0,N14 Bosch
2019-04-27 13:00:00,19.0,1027.0,72.0,6.0,0.0,0.0,3.0,0.0,0.0,0.0,0.0,1.0,0.0,0.0,0.0,0.0,N14 Bosch
2019-04-27 14:00:00,20.0,1026.0,72.0,6.0,20.0,0.0,3.0,9.0,22.333333333333332,0.0,0.0,1.0,0.0,3.0,462.0,280.0,N14 Bosch
2019-04-27 15:00:00,20.0,1026.0,72.0,6.0,20.0,0.0,3.0,0.0,0.0,0.0,0.0,1.0,0.0,0.0,0.0,0.0,N14 Bosch
2019-04-27 16:00:00,20.0,1026.0,82.0,6.0,20.0,0.0,3.0,0.0,0.0,0.0,0.0,1.0,0.0,0.0,0.0,0.0,N14 Bosch
2019-04-27 17:00:00,18.0,1025.0,82.0,8.0,20.0,0.0,3.0,5.666666666666667,14.333333333333334,0.0,0.0,1.0,0.0,0.0,0.0,0.0,N14 Bosch
2019-04-27 18:00:00,18.0,1025.0,87.0,6.0,20.0,0.0,3.0,0.0,0.0,0.0,0.0,1.0,0.0,0.0,0.0,0.0,N14 Bosch
2019-04-27 19:00:00,16.0,1025.0,93.0,5.0,20.0,0.0,1.0,0.0,0.0,0.0,0.0,1.0,0.0,0.0,0.0,0.0,N14 Bosch
2019-04-27 20:00:00,14.0,1025.0,100.0,4.0,0.0,0.0,1.0,0.0,0.0,0.0,0.0,1.0,0.0,3.0,131.0,156.0,N14 Bosch
2019-04-27 21:00:00,14.0,1025.0,93.0,3.0,0.0,0.0,1.0,0.0,0.0,0.0,0.0,1.0,0.0,0.0,0.0,0.0,N14 Bosch
2019-04-27 22:00:00,13.0,1025.0,93.0,1.0,0.0,0.0,1.0,0.0,0.0,0.0,0.0,1.0,0.0,0.0,0.0,0.0,N14 Bosch
2019-04-27 23:00:00,12.0,1024.0,100.0,1.0,0.0,0.0,1.0,0.0,0.0,0.0,0.0,1.0,0.0,0.0,0.0,0.0,N14 Bosch
2019-04-28 00:00:00,12.0,1024.0,100.0,1.0,14.0,0.0,1.0,0.0,0.0,0.0,0.0,1.0,0.0,0.0,0.0,0.0,N14 Bosch
2019-04-28 01:00:00,11.0,1023.0,100.0,0.0,0.0,0.0,1.0,0.0,0.0,0.0,0.0,1.0,0.0,0.0,0.0,0.0,N14 Bosch
2019-04-28 02:00:00,11.0,1023.0,100.0,0.0,0.0,0.0,1.0,0.0,0.0,0.0,0.0,1.0,0.0,0.0,0.0,0.0,N14 Bosch
2019-04-28 03:00:00,9.0,1023.0,100.0,1.0,0.0,0.0,1.0,0.0,0.0,0.0,0.0,1.0,0.0,0.0,0.0,0.0,N14 Bosch
2019-04-28 04:00:00,9.0,1022.0,100.0,1.0,10.0,0.0,1.0,0.0,0.0,0.0,0.0,1.0,0.0,0.0,0.0,0.0,N14 Bosch
2019-04-28 05:00:00,10.0,1022.0,93.0,0.0,0.0,0.0,2.0,0.0,0.0,0.0,0.0,1.0,0.0,0.0,0.0,0.0,N14 Bosch
2019-04-28 06:00:00,10.0,1022.0,93.0,1.0,0.0,0.0,3.0,0.0,0.0,0.0,0.0,1.0,0.0,0.0,0.0,0.0,N14 Bosch
2019-04-28 07:00:00,13.0,1022.0,93.0,1.0,0.0,0.0,3.0,0.0,0.0,0.0,0.0,1.0,0.0,0.0,0.0,0.0,N14 Bosch
2019-04-28 08:00:00,17.0,1022.0,77.0,1.0,0.0,0.0,3.0,0.0,0.0,0.0,0.0,1.0,0.0,0.0,0.0,0.0,N14 Bosch
2019-04-28 09:00:00,17.0,1022.0,72.0,1.0,0.0,0.0,3.0,0.0,0.0,0.0,0.0,1.0,0.0,0.0,0.0,0.0,N14 Bosch
2019-04-28 10:00:00,20.0,1022.0,64.0,2.0,0.0,0.0,3.0,0.0,0.0,0.0,0.0,1.0,0.0,0.0,0.0,0.0,N14 Bosch
2019-04-28 11:00:00,22.0,1022.0,64.0,1.0,0.0,0.0,3.0,0.0,0.0,0.0,0.0,1.0,0.0,0.0,0.0,0.0,N14 Bosch
2019-04-28 12:00:00,23.0,1021.0,60.0,3.0,0.0,0.0,3.0,0.0,0.0,0.0,0.0,1.0,0.0,0.0,0.0,0.0,N14 Bosch
2019-04-28 13:00:00,25.0,1020.0,42.0,2.0,75.0,0.0,3.0,0.0,0.0,0.0,0.0,1.0,0.0,0.0,0.0,0.0,N14 Bosch
2019-04-28 14:00:00,25.0,1020.0,41.0,1.0,75.0,0.0,3.0,7.0,22.333333333333332,0.0,0.0,1.0,0.0,0.0,0.0,0.0,N14 Bosch
2019-04-28 15:00:00,25.0,1019.0,39.0,1.0,75.0,0.0,3.0,0.0,0.0,0.0,0.0,1.0,0.0,2.0,835.0,205.0,N14 Bosch
2019-04-28 16:00:00,24.0,1019.0,64.0,5.0,0.0,0.0,3.0,0.0,0.0,0.0,0.0,1.0,0.0,0.0,0.0,0.0,N14 Bosch
2019-04-28 17:00:00,23.0,1019.0,64.0,3.0,0.0,0.0,3.0,0.0,0.0,0.0,0.0,1.0,0.0,0.0,0.0,0.0,N14 Bosch
2019-04-28 18:00:00,20.0,1019.0,77.0,2.0,0.0,0.0,3.0,0.0,0.0,0.0,0.0,1.0,0.0,0.0,0.0,0.0,N14 Bosch
2019-04-28 19:00:00,18.0,1019.0,82.0,1.0,0.0,0.0,1.0,0.0,0.0,0.0,0.0,1.0,0.0,0.0,0.0,0.0,N14 Bosch
2019-04-28 20:00:00,17.0,1019.0,87.0,2.0,0.0,0.0,1.0,0.0,0.0,0.0,0.0,1.0,0.0,0.0,0.0,0.0,N14 Bosch
2019-04-28 21:00:00,16.0,1019.0,87.0,2.0,0.0,0.0,1.0,0.0,0.0,0.0,0.0,1.0,0.0,0.0,0.0,0.0,N14 Bosch
2019-04-28 22:00:00,15.0,1019.0,87.0,1.0,0.0,0.0,1.0,0.0,0.0,0.0,0.0,1.0,0.0,0.0,0.0,0.0,N14 Bosch
2019-04-28 23:00:00,14.0,1019.0,93.0,1.0,20.0,0.0,1.0,0.0,0.0,0.0,0.0,1.0,0.0,0.0,0.0,0.0,N14 Bosch
2019-04-29 00:00:00,13.0,1019.0,100.0,1.0,40.0,0.0,1.0,0.0,0.0,0.0,0.0,1.0,0.0,0.0,0.0,0.0,N14 Bosch
2019-04-29 01:00:00,13.0,1019.0,93.0,1.0,75.0,0.0,1.0,0.0,0.0,0.0,0.0,1.0,0.0,0.0,0.0,0.0,N14 Bosch
2019-04-29 02:00:00,12.0,1018.0,100.0,1.0,90.0,0.0,1.0,0.0,0.0,0.0,0.0,1.0,0.0,0.0,0.0,0.0,N14 Bosch
2019-04-29 03:00:00,12.0,1018.0,100.0,0.0,90.0,0.0,1.0,0.0,0.0,0.0,0.0,1.0,0.0,0.0,0.0,0.0,N14 Bosch
2019-04-29 04:00:00,11.0,1018.0,100.0,1.0,90.0,0.0,1.0,0.0,0.0,0.0,0.0,1.0,0.0,0.0,0.0,0.0,N14 Bosch
2019-04-29 05:00:00,11.0,1018.0,100.0,1.0,90.0,0.0,2.0,0.0,0.0,0.0,0.0,1.0,0.0,0.0,0.0,0.0,N14 Bosch
2019-04-29 06:00:00,11.0,1018.0,100.0,1.0,90.0,0.0,3.0,0.0,0.0,0.0,0.0,1.0,0.0,2.0,628.0,134.0,N14 Bosch
2019-04-29 07:00:00,13.0,1019.0,100.0,0.0,90.0,0.0,3.0,9.666666666666666,24.0,0.0,0.0,1.0,0.0,2.75,453.375,191.0,N14 Bosch
2019-04-29 08:00:00,17.0,1019.0,100.0,1.0,90.0,0.0,3.0,17.0,56.0,0.0,0.0,1.0,0.0,2.75,505.875,239.75,N14 Bosch
2019-04-29 09:00:00,17.0,1019.0,100.0,0.0,90.0,0.0,3.0,7.0,15.0,0.0,0.0,1.0,0.0,0.0,0.0,0.0,N14 Bosch
2019-04-29 10:00:00,20.0,1019.0,100.0,3.0,75.0,0.0,3.0,13.0,44.333333333333336,0.0,0.0,1.0,0.0,1.5,360.0,210.5,N14 Bosch
2019-04-29 11:00:00,23.0,1018.0,61.0,2.0,22.0,0.0,3.0,24.333333333333332,92.33333333333333,0.0,0.0,1.0,0.0,2.0,380.6666666666667,161.0,N14 Bosch
2019-04-29 12:00:00,24.0,1017.0,61.0,3.0,22.0,0.0,3.0,18.333333333333332,53.0,0.0,0.0,1.0,0.0,2.0,836.0,284.0,N14 Bosch
2019-04-29 13:00:00,24.0,1017.0,62.0,4.0,0.0,0.0,3.0,27.0,148.33333333333334,0.0,0.0,1.0,0.0,2.6666666666666665,546.3333333333334,171.5,N14 Bosch
2019-04-29 14:00:00,24.0,1017.0,58.0,4.0,0.0,0.0,3.0,15.333333333333334,38.666666666666664,0.0,0.0,1.0,0.0,2.6666666666666665,409.6666666666667,190.83333333333334,N14 Bosch
2019-04-29 15:00:00,21.0,1018.0,82.0,6.0,20.0,0.0,3.0,21.333333333333332,84.33333333333333,0.0,0.0,1.0,0.0,2.2,441.0,186.6,N14 Bosch
2019-04-29 16:00:00,20.0,1018.0,82.0,7.0,20.0,0.0,3.0,26.666666666666668,117.0,0.0,0.0,1.0,0.0,2.5714285714285716,499.0,198.85714285714286,N14 Bosch
2019-04-29 17:00:00,18.0,1018.0,87.0,7.0,40.0,0.0,3.0,23.0,87.33333333333337,0.0,0.0,1.0,0.0,2.657142857142857,543.9428571428572,225.11428571428573,N14 Bosch
2019-04-29 18:00:00,17.0,1018.0,87.0,8.0,40.0,0.0,3.0,8.666666666666666,21.333333333333332,0.0,0.0,1.0,0.0,2.6,407.6,224.0,N14 Bosch
2019-04-29 19:00:00,16.0,1018.0,87.0,5.0,40.0,0.0,1.0,3.6666666666666665,7.666666666666667,0.0,0.0,1.0,0.0,0.0,0.0,0.0,N14 Bosch
2019-04-29 20:00:00,14.0,1019.0,93.0,4.0,20.0,0.0,1.0,0.0,0.0,0.0,0.0,1.0,0.0,0.0,0.0,0.0,N14 Bosch
2019-04-29 21:00:00,13.0,1019.0,93.0,4.0,20.0,0.0,1.0,0.0,0.0,0.0,0.0,1.0,0.0,0.0,0.0,0.0,N14 Bosch
2019-04-29 22:00:00,12.0,1019.0,100.0,4.0,20.0,0.0,1.0,0.0,0.0,0.0,0.0,1.0,0.0,0.0,0.0,0.0,N14 Bosch
2019-04-29 23:00:00,12.0,1019.0,93.0,3.0,20.0,0.0,1.0,0.0,0.0,0.0,0.0,1.0,0.0,0.0,0.0,0.0,N14 Bosch
2019-04-30 00:00:00,11.0,1019.0,100.0,1.0,20.0,0.0,1.0,0.0,0.0,0.0,0.0,1.0,0.0,1.0,333.0,26.0,N14 Bosch
2019-04-30 01:00:00,10.0,1018.0,93.0,0.0,20.0,0.0,1.0,0.0,0.0,0.0,0.0,1.0,0.0,0.0,0.0,0.0,N14 Bosch
2019-04-30 02:00:00,10.0,1018.0,100.0,0.0,20.0,0.0,1.0,0.0,0.0,0.0,0.0,1.0,0.0,0.0,0.0,0.0,N14 Bosch
2019-04-30 03:00:00,9.0,1018.0,100.0,0.0,20.0,0.0,1.0,0.0,0.0,0.0,0.0,1.0,0.0,0.0,0.0,0.0,N14 Bosch
2019-04-30 04:00:00,10.0,1018.0,100.0,1.0,75.0,0.0,1.0,0.0,0.0,0.0,0.0,1.0,0.0,0.0,0.0,0.0,N14 Bosch
2019-04-30 05:00:00,10.0,1018.0,100.0,1.0,75.0,0.0,2.0,0.0,0.0,0.0,0.0,1.0,0.0,0.0,0.0,0.0,N14 Bosch
2019-04-30 06:00:00,10.0,1018.0,100.0,2.0,75.0,0.0,3.0,0.0,0.0,0.0,0.0,1.0,0.0,0.0,0.0,0.0,N14 Bosch
2019-04-30 07:00:00,11.0,1019.0,100.0,1.0,75.0,0.0,3.0,12.333333333333332,28.0,0.0,0.0,1.0,0.0,2.75,580.5,215.5,N14 Bosch
2019-04-30 08:00:00,13.0,1019.0,100.0,1.0,75.0,0.0,3.0,19.0,68.33333333333334,0.0,0.0,1.0,0.0,2.7333333333333334,462.6,233.6,N14 Bosch
2019-04-30 09:00:00,14.0,1019.0,100.0,1.0,75.0,0.0,3.0,18.333333333333332,55.666666666666664,0.0,0.0,1.0,0.0,2.0,516.0,162.33333333333334,N14 Bosch
2019-04-30 10:00:00,17.0,1019.0,93.0,2.0,75.0,0.0,3.0,12.0,27.666666666666668,0.0,0.0,1.0,0.0,1.0,274.0,125.0,N14 Bosch
2019-04-30 11:00:00,20.0,1019.0,87.0,2.0,20.0,0.0,3.0,22.666666666666668,94.0,0.0,0.0,1.0,0.0,2.1666666666666665,558.6666666666666,244.33333333333334,N14 Bosch
2019-04-30 12:00:00,22.0,1018.0,73.5,2.5,20.0,0.0,3.0,18.666666666666668,53.0,0.0,0.0,1.0,0.0,2.0,380.6666666666667,212.66666666666666,N14 Bosch
2019-04-30 13:00:00,24.0,1017.0,60.0,3.0,20.0,0.0,3.0,23.333333333333336,88.0,0.0,0.0,1.0,0.0,2.4285714285714284,596.2857142857143,175.28571428571428,N14 Bosch
2019-04-30 14:00:00,22.0,1017.0,77.0,4.0,0.0,0.0,3.0,16.333333333333332,42.333333333333336,0.0,0.0,1.0,0.0,2.2,472.4,194.8,N14 Bosch
2019-04-30 15:00:00,24.0,1015.0,57.0,3.0,2.0,0.0,3.0,25.666666666666668,104.33333333333333,0.0,0.0,1.0,0.0,2.2,435.0,226.2,N14 Bosch
2019-04-30 16:00:00,20.0,1016.0,77.0,6.0,0.0,0.0,3.0,32.0,191.0,0.0,0.0,1.0,0.0,2.6666666666666665,733.5,230.83333333333334,N14 Bosch
2019-04-30 17:00:00,19.0,1016.0,77.0,5.0,0.0,0.0,3.0,32.66666666666667,248.0,0.0,0.0,1.0,0.0,2.707317073170732,549.6341463414634,278.0243902439024,N14 Bosch
2019-04-30 18:00:00,20.0,1015.0,82.0,5.0,0.0,0.0,3.0,21.66666666666667,86.0,0.0,0.0,1.0,0.0,2.611111111111111,571.3888888888889,281.72222222222223,N14 Bosch
2019-04-30 19:00:00,18.0,1015.0,87.0,5.0,0.0,0.0,1.0,3.3333333333333335,7.333333333333333,0.0,0.0,1.0,0.0,3.0,689.0,229.0,N14 Bosch
2019-04-30 20:00:00,15.0,1015.0,93.0,3.0,0.0,0.0,1.0,0.0,0.0,0.0,0.0,1.0,0.0,0.0,0.0,0.0,N14 Bosch
2019-04-30 21:00:00,15.0,1015.0,93.0,2.0,0.0,0.0,1.0,0.0,0.0,0.0,0.0,1.0,0.0,0.0,0.0,0.0,N14 Bosch
2019-04-30 22:00:00,14.0,1015.0,93.0,1.0,0.0,0.0,1.0,0.0,0.0,0.0,0.0,1.0,0.0,0.0,0.0,0.0,N14 Bosch
2019-04-30 23:00:00,13.0,1015.0,93.0,1.0,0.0,0.0,1.0,0.0,0.0,0.0,0.0,1.0,0.0,0.0,0.0,0.0,N14 Bosch
